hotel_id,price,stock
917,236,279
570,99,112
627,98,113
916,100,111
807,225,278
724,235,281
234,137,140
16,141,138
169,72,56
507,100,113
86,103,197
230,101,112
430,159,194
880,102,113
158,141,142
163,161,195
111,101,112
778,100,111
788,100,140
925,98,112
429,230,284
352,98,112
783,79,55
835,103,113
369,70,56
529,230,281
567,72,56
921,72,140
52,137,138
460,77,55
680,139,55
715,137,141
172,104,111
674,106,111
211,136,138
283,98,112
779,164,196
465,226,278
760,163,196
658,141,140
45,140,140
604,102,111
22,137,140
307,100,112
450,164,193
510,237,277
317,161,197
30,100,110
933,140,138
706,100,110
442,162,195
269,141,138
373,100,112
967,72,140
157,235,281
557,104,111
264,73,56
10,141,140
88,104,113
410,101,111
77,225,278
902,167,196
892,167,195
140,102,111
82,100,110
346,159,194
867,137,112
752,235,280
103,167,195
918,226,278
594,233,278
482,74,56
475,98,112
660,136,140
101,232,278
105,137,140
212,163,193
83,140,140
971,141,140
762,137,137
945,142,138
821,102,112
657,162,195
777,142,140
253,226,275
455,140,140
587,141,138
548,230,278
878,100,140
676,72,56
625,168,195
969,78,56
685,226,278
806,237,281
960,237,282
375,98,111
581,138,55
743,136,140
809,225,277
303,168,197
387,230,279
630,142,140
441,168,191
679,140,138
585,72,57
311,103,56
12,72,56
517,106,112
224,137,140
745,102,56
603,226,277
9,77,140
193,137,111
214,163,196
417,141,140
505,100,113
591,225,279
117,72,55
85,100,111
628,140,139
34,72,57
515,237,282
146,168,196
166,105,111
588,160,140
891,104,56
366,72,111
256,72,56
223,140,139
271,75,56
493,140,142
750,100,56
218,162,193
196,102,56
326,226,281
475,100,106
264,75,53
311,108,53
960,237,262
588,168,132
346,167,182
83,140,132
224,138,129
140,107,106
806,237,261
917,247,264
835,103,106
88,104,106
724,235,263
627,100,106
603,237,262
557,108,105
45,140,130
630,149,132
809,236,262
193,143,105
417,147,133
214,171,186
517,112,107
223,146,131
625,176,183
891,104,53
581,141,51
9,80,132
867,140,106
685,237,263
604,107,104
283,98,104
172,108,104
594,245,262
507,100,106
570,101,106
157,235,262
680,146,52
745,104,53
750,105,52
111,101,105
218,170,180
85,104,106
657,170,183
430,167,183
548,242,265
146,168,181
778,105,104
783,83,52
925,103,106
82,105,104
317,162,183
567,72,52
442,170,182
945,149,132
117,76,52
86,105,184
326,227,262
967,74,132
307,100,103
22,138,130
455,140,130
482,77,52
366,75,105
230,101,104
777,149,132
902,167,181
674,112,104
103,175,183
969,80,54
211,143,131
101,243,261
212,171,181
166,111,107
679,146,130
234,138,129
375,102,105
762,144,128
505,100,106
30,104,104
253,237,257
158,141,132
77,236,263
196,106,53
921,72,130
933,146,130
878,103,132
821,104,106
916,104,104
880,102,104
387,242,264
460,80,52
410,106,104
52,144,130
256,74,53
587,144,126
352,100,105
441,176,178
369,73,53
660,137,131
373,100,104
752,246,266
918,237,263
676,72,52
760,171,186
971,141,132
271,77,53
807,236,262
515,237,263
16,147,129
303,168,183
450,173,183
465,237,264
493,140,132
788,105,132
12,75,53
34,72,53
105,144,132
892,175,183
169,76,53
658,147,132
529,231,265
628,146,131
429,231,268
10,147,130
591,236,264
585,73,53
715,138,130
163,169,183
706,104,104
269,147,128
779,173,187
743,137,130
510,249,259
417,152,126
52,149,123
867,145,100
166,114,103
16,152,120
916,107,98
85,107,101
777,153,126
892,180,172
493,144,124
917,255,248
604,111,98
429,238,253
510,257,240
715,149,124
271,79,50
676,75,49
657,176,176
211,148,124
157,243,245
567,75,48
969,83,52
460,85,49
918,245,246
45,151,122
891,108,50
515,245,240
821,108,99
88,107,98
253,245,238
317,175,174
86,112,174
410,110,98
660,141,122
105,149,125
625,181,172
630,153,126
303,181,174
101,251,245
685,245,247
169,78,51
83,144,124
971,145,124
82,109,97
77,244,247
256,76,50
603,245,248
806,257,246
570,104,101
224,149,122
706,107,97
34,77,50
945,153,126
752,254,252
548,250,253
778,109,98
12,78,50
230,110,98
430,172,174
628,151,123
193,148,100
517,115,102
933,151,121
283,105,99
172,112,97
140,111,100
375,105,99
921,78,122
529,238,249
835,106,100
724,243,246
674,115,98
587,156,118
307,107,97
591,244,246
450,179,175
223,151,123
234,149,121
594,253,250
264,78,49
762,149,118
158,145,123
30,107,97
902,180,172
366,78,99
117,78,49
9,82,124
585,76,50
212,177,169
557,112,98
163,175,173
196,110,49
581,152,48
146,181,170
482,79,49
311,112,51
214,177,174
475,103,101
269,156,122
745,108,49
807,244,246
373,107,98
505,106,100
878,106,126
441,181,164
22,149,122
455,144,122
967,77,124
760,177,176
960,257,247
779,179,178
111,104,97
783,86,48
352,103,98
103,180,172
218,176,167
465,245,252
809,244,247
442,176,172
507,103,98
743,148,122
880,111,99
10,156,122
925,106,100
750,109,50
369,76,51
387,250,250
680,150,49
658,152,124
346,172,171
788,109,124
679,154,122
326,234,241
588,173,126
627,103,100
442,178,162
745,109,46
146,184,160
166,116,99
101,254,230
925,108,94
658,154,116
366,79,92
557,113,92
724,246,229
515,261,226
892,183,161
441,193,155
465,248,240
85,109,96
625,184,158
410,111,92
157,246,227
548,253,241
311,113,49
867,147,94
809,247,233
706,109,89
921,79,114
45,153,114
211,150,116
971,148,116
352,107,93
493,146,114
505,108,94
22,151,112
223,153,115
373,109,92
567,76,45
317,177,164
430,175,165
82,110,90
460,87,46
945,155,120
303,184,166
455,146,112
510,261,220
570,106,95
750,110,46
346,175,159
529,242,236
676,76,46
916,109,91
307,109,91
517,117,98
660,143,112
256,77,47
627,105,92
230,111,92
581,155,45
169,79,48
783,87,45
172,113,88
193,150,96
878,110,120
30,109,92
369,77,48
603,248,233
375,107,93
685,248,231
224,151,114
196,111,46
835,108,93
111,111,91
752,258,238
628,153,114
86,113,164
969,84,50
450,182,167
10,158,113
283,107,94
902,183,162
271,80,46
807,247,227
475,105,94
326,248,222
482,81,46
743,150,115
83,146,117
917,259,230
587,165,112
212,179,157
967,78,114
674,117,92
140,112,94
680,152,46
657,178,168
806,261,231
417,154,119
77,247,228
9,83,115
588,176,120
880,112,93
88,113,92
253,248,217
715,151,116
214,179,164
891,109,47
507,104,91
821,109,92
918,248,226
269,161,115
117,79,46
630,155,119
34,78,47
933,157,114
218,178,153
591,247,228
429,242,238
778,110,90
234,151,114
163,177,162
777,155,120
679,157,116
760,179,168
52,151,114
264,79,46
594,256,239
387,253,234
103,183,159
604,112,91
16,154,111
105,151,118
585,77,47
779,182,168
762,158,111
788,110,116
158,148,114
960,261,233
12,79,47
387,253,219
117,80,43
158,154,108
587,165,105
916,115,86
945,156,115
917,272,216
505,110,90
311,114,47
234,151,108
604,112,84
430,175,157
762,158,104
326,260,209
517,117,93
585,80,45
450,182,158
750,110,42
193,150,91
163,177,150
658,161,109
16,154,101
214,179,154
223,153,107
779,182,156
271,82,44
417,154,113
745,111,43
902,183,153
264,79,43
269,165,110
806,261,217
230,111,85
375,107,87
625,184,147
224,151,107
715,151,108
441,193,146
557,119,86
493,147,104
548,253,229
588,180,114
630,159,114
369,77,45
918,260,213
603,249,217
777,156,113
515,261,213
172,119,82
140,112,89
591,259,217
967,79,108
680,156,44
352,110,88
30,112,88
529,242,224
460,87,43
146,184,150
317,177,155
933,164,108
835,114,88
627,107,86
52,151,106
880,112,86
783,91,42
9,87,109
892,183,150
85,109,91
88,114,84
82,116,85
807,248,209
581,161,43
366,84,87
10,165,107
373,109,86
77,248,208
103,191,150
218,186,143
778,112,84
34,78,43
12,79,44
752,258,224
821,115,87
960,261,218
921,79,106
101,254,215
809,248,220
211,153,109
346,183,151
157,247,208
465,249,226
510,273,207
196,111,43
969,84,47
253,260,204
410,111,84
685,249,216
111,111,86
166,116,96
891,109,44
724,258,215
22,151,101
743,150,107
660,150,104
475,105,89
567,79,43
169,82,46
86,116,157
442,178,154
303,184,158
657,178,160
455,153,105
925,108,89
256,82,44
570,106,88
594,257,229
628,160,107
676,76,43
429,242,225
878,110,114
45,153,106
760,179,160
706,115,84
307,109,84
105,151,110
212,189,148
971,148,108
660,150,94
902,183,145
101,254,198
587,168,100
86,116,150
307,109,78
214,180,144
157,258,194
140,112,84
172,119,75
52,158,98
264,79,40
585,82,42
594,257,220
373,109,80
85,109,86
158,155,100
960,261,203
628,167,102
591,259,206
429,242,213
430,175,149
917,272,201
821,115,82
505,110,85
45,160,100
303,184,151
750,116,40
22,158,92
835,114,84
111,111,80
657,178,152
760,180,150
724,258,200
809,248,205
916,115,80
410,116,78
570,106,82
455,153,98
10,165,100
685,249,200
9,87,103
880,118,81
925,108,83
475,107,84
212,189,139
604,118,79
369,77,41
417,155,108
806,261,202
762,158,97
567,79,40
581,162,41
921,79,98
146,184,140
88,119,79
117,80,40
105,151,102
218,186,132
891,109,40
30,112,84
169,82,44
807,259,194
878,110,110
465,249,213
256,83,42
778,118,80
676,76,41
967,81,104
326,260,199
548,253,220
515,261,197
163,185,142
346,183,143
680,160,42
450,182,151
603,249,202
366,84,82
783,91,40
211,160,102
12,79,41
16,161,94
224,151,101
387,253,207
777,156,106
223,153,100
269,165,104
352,110,84
441,193,138
706,115,78
517,117,89
234,151,102
557,122,82
77,259,193
34,78,40
892,183,138
743,150,98
166,116,92
625,193,138
193,150,86
945,156,110
311,114,45
271,82,41
918,260,200
460,92,41
588,180,108
630,159,108
196,111,40
969,84,45
317,177,146
529,242,210
627,107,79
971,155,102
253,260,192
752,258,211
779,190,148
103,191,141
230,111,79
933,164,102
658,161,102
715,151,98
510,273,192
375,107,82
745,115,41
442,178,147
82,116,81
493,153,96
10,168,95
892,191,130
101,267,187
676,76,39
52,158,92
369,80,39
750,116,38
12,79,37
960,261,185
211,164,97
307,115,74
967,81,99
880,118,75
214,180,134
163,185,134
715,158,92
117,83,37
777,156,102
510,285,181
745,115,39
9,87,96
778,118,75
916,115,76
680,160,40
567,79,38
88,119,73
430,175,142
373,115,76
326,260,188
587,168,94
193,150,81
902,183,140
625,193,130
878,110,105
557,122,78
34,81,38
264,81,38
945,156,106
918,260,185
475,107,79
196,115,38
85,109,82
807,270,184
303,184,144
387,253,196
969,84,44
925,108,78
627,112,74
45,160,94
442,178,140
105,151,94
806,261,185
809,248,191
172,124,70
505,110,80
971,155,96
256,83,39
529,242,197
103,191,132
77,270,182
16,161,86
157,258,180
429,242,200
317,177,137
760,180,142
212,189,131
588,185,102
271,82,39
657,178,144
581,162,40
517,117,85
140,112,79
146,184,130
450,182,143
230,111,74
111,111,74
166,116,88
223,157,95
460,92,38
779,190,141
548,253,211
743,157,92
762,165,91
311,114,44
218,194,125
410,116,73
821,115,78
375,110,77
604,118,74
352,110,80
835,114,81
465,249,200
724,258,185
630,159,103
660,157,88
234,151,98
591,259,195
455,153,92
658,161,95
585,83,40
22,165,87
921,79,91
417,155,103
366,84,78
752,258,196
685,260,188
917,283,189
628,167,96
224,151,94
441,193,129
891,115,38
594,257,211
783,91,37
493,153,88
933,167,96
706,115,71
346,183,134
82,116,76
515,273,186
603,249,188
253,260,178
158,155,95
570,106,77
269,165,98
86,116,143
369,80,36
777,156,98
807,270,174
16,168,80
311,114,42
346,183,125
373,115,73
880,118,70
925,108,73
680,160,38
515,273,175
85,109,77
271,82,37
762,165,85
52,158,86
111,116,69
307,115,70
557,122,74
779,190,132
193,154,77
172,124,65
352,110,77
375,110,71
505,110,76
743,157,86
591,259,184
317,177,129
604,118,69
627,112,69
12,84,35
460,92,36
441,193,120
103,191,123
625,193,122
45,160,88
916,115,71
86,116,134
933,167,90
105,158,88
921,79,83
264,81,36
567,79,36
660,157,80
676,76,36
835,114,78
917,283,179
603,249,174
82,116,72
760,180,133
34,81,36
163,185,126
778,118,70
878,110,100
442,178,134
971,155,90
585,83,38
253,260,165
88,124,68
196,115,36
969,84,42
902,183,135
387,253,184
658,168,90
715,158,86
529,242,184
117,83,35
587,168,87
77,270,171
230,111,69
224,151,88
588,185,96
140,112,73
657,178,135
945,156,102
10,168,88
706,119,66
809,248,175
429,242,185
493,160,82
960,273,172
685,260,173
256,85,37
806,273,173
366,84,73
455,153,87
269,165,93
146,184,122
918,272,173
745,115,37
581,162,38
465,249,190
234,151,92
101,267,177
510,285,172
750,116,35
891,115,36
724,258,172
450,182,134
430,175,136
9,89,90
628,167,90
967,81,94
594,257,203
166,116,84
548,253,201
475,107,75
218,194,116
630,159,98
158,155,90
326,260,178
783,91,35
892,191,122
157,258,164
752,258,183
22,165,80
410,116,68
570,109,73
303,184,136
212,189,120
223,157,90
214,180,125
211,164,92
417,155,98
517,117,81
821,115,74
660,164,74
585,83,36
373,115,69
510,285,163
317,177,121
570,109,68
706,119,62
86,116,126
960,273,159
891,115,34
326,260,167
375,112,66
969,84,40
105,158,82
111,116,64
103,191,113
783,91,32
604,118,64
493,167,77
724,258,160
760,180,124
230,111,65
475,107,72
193,154,74
212,197,113
821,115,69
163,185,118
214,180,115
743,157,80
101,267,163
581,162,37
460,92,34
45,160,83
657,178,127
9,91,84
269,165,88
630,159,94
224,151,82
557,122,70
921,84,78
916,115,66
211,164,86
628,167,86
455,153,82
548,253,192
172,124,60
567,79,33
505,110,71
878,110,96
591,259,172
146,184,115
234,151,87
442,178,127
967,81,89
517,117,78
166,116,80
515,273,164
223,157,84
809,259,163
430,175,130
777,156,93
307,115,65
387,253,173
752,258,170
588,185,90
917,283,169
12,84,33
441,193,113
892,191,115
369,81,34
410,116,64
218,202,109
117,83,33
271,82,34
603,249,157
902,183,130
779,190,122
264,81,33
680,160,36
971,155,84
750,116,33
256,85,35
196,115,33
88,124,63
16,175,76
253,260,152
311,114,41
429,242,171
52,158,79
807,270,164
806,273,162
85,109,72
465,249,180
352,110,74
715,158,81
157,269,153
417,155,94
658,168,84
676,76,34
745,115,36
450,182,125
10,168,82
918,272,160
685,272,160
880,118,64
594,257,195
925,108,68
762,165,80
835,114,76
346,183,116
625,193,115
778,118,66
933,167,84
366,84,68
34,81,34
77,270,161
22,165,74
140,112,68
627,115,65
82,116,68
529,242,170
587,168,81
158,155,86
303,184,128
945,156,98
196,115,31
762,165,74
455,153,78
82,116,64
676,76,32
750,116,31
223,157,78
212,197,105
88,124,58
307,115,61
9,91,78
166,116,77
706,119,58
103,200,107
211,164,80
745,115,35
346,183,109
22,173,70
902,183,125
567,79,29
493,167,72
603,260,146
918,272,148
193,154,70
230,111,60
352,110,71
806,273,151
12,84,30
45,160,77
821,115,64
460,92,32
588,185,84
366,85,63
529,253,160
628,167,82
303,184,121
311,114,39
146,184,106
158,155,81
441,193,105
657,178,120
685,272,147
581,162,35
880,123,60
224,151,74
517,117,74
515,273,154
969,84,39
585,83,35
630,159,89
375,112,62
442,178,120
778,118,63
680,160,33
625,193,106
465,249,171
658,168,78
660,170,70
214,189,107
369,81,32
916,115,61
253,272,144
627,115,61
269,165,82
892,191,108
417,155,89
450,182,116
157,269,142
743,157,72
430,175,125
783,95,30
475,107,68
52,165,74
510,285,154
77,270,152
271,85,31
779,190,112
373,115,65
587,168,75
967,81,84
256,85,33
921,84,72
326,260,156
317,177,113
925,108,63
570,109,64
218,202,104
594,257,187
604,118,60
264,81,31
105,158,74
410,116,58
10,168,77
752,258,160
891,115,31
777,156,88
172,130,56
917,283,159
85,109,68
557,122,66
715,158,76
724,258,146
835,114,74
34,81,32
933,167,80
140,112,62
16,175,71
591,259,162
163,185,110
111,116,59
387,253,162
117,83,31
86,116,118
505,110,66
960,273,146
809,259,150
760,180,115
807,270,153
548,253,182
878,110,92
971,155,78
945,156,93
234,151,82
101,278,152
429,253,162
925,108,58
352,110,69
657,178,113
101,278,139
809,270,141
82,116,59
218,202,97
475,107,64
375,112,58
676,76,29
311,114,38
752,258,149
465,249,160
945,156,89
303,184,115
587,168,69
77,270,143
223,157,72
410,122,54
9,91,72
604,118,55
455,153,74
326,260,145
256,85,31
918,283,139
971,155,72
234,151,76
45,160,70
429,253,152
591,259,153
253,272,137
724,269,135
778,118,58
111,122,56
163,185,103
366,85,59
52,165,70
196,117,28
969,84,37
441,193,97
430,175,119
88,124,52
193,154,66
166,116,73
505,112,61
16,175,66
917,283,150
373,115,61
660,170,65
627,115,56
140,118,59
821,115,60
625,193,99
271,86,29
86,116,110
103,200,102
594,257,180
588,185,77
515,273,144
529,253,151
715,158,72
779,198,105
891,115,30
762,165,70
921,84,66
628,167,79
212,197,96
510,285,146
916,119,56
85,109,63
460,92,30
585,83,34
777,156,82
224,151,68
264,81,29
10,168,71
570,109,58
442,178,113
658,168,72
317,177,106
22,173,64
783,95,28
603,260,133
158,155,76
450,182,107
680,160,31
493,167,68
117,83,29
557,122,60
269,165,76
211,164,76
157,269,133
172,130,52
346,183,103
880,123,56
760,180,107
630,159,85
835,114,71
933,167,76
12,85,28
146,184,99
105,165,68
307,115,58
902,183,119
745,115,33
967,81,80
706,119,53
750,116,29
230,111,56
387,253,150
960,285,137
806,273,140
567,84,27
581,162,34
892,191,101
214,189,99
685,272,137
369,81,30
548,253,171
34,81,30
878,110,88
807,270,142
417,155,84
517,117,70
743,164,67
271,86,27
892,191,92
224,158,64
157,269,124
441,193,90
567,84,25
925,108,54
375,112,54
627,117,52
22,173,60
752,258,137
117,83,27
311,114,37
660,170,60
450,190,101
230,111,52
706,119,49
750,116,26
529,253,142
510,285,139
630,159,80
685,272,126
346,183,97
369,81,27
410,122,50
809,270,133
307,115,54
657,178,106
658,175,68
212,197,85
493,167,65
196,117,25
585,83,32
806,273,129
891,115,28
475,107,60
821,115,56
214,189,92
85,109,58
166,116,70
366,85,56
101,278,126
715,158,66
10,168,66
373,115,56
779,198,98
158,155,72
960,285,127
505,112,56
482,85,27
916,119,53
52,165,66
517,117,66
807,270,130
77,270,136
971,155,67
507,115,45
581,162,33
387,253,138
256,85,29
762,165,64
969,84,36
745,115,32
82,116,54
557,124,56
417,155,78
211,164,72
587,168,64
111,122,52
218,202,92
442,178,106
945,156,85
465,249,150
933,167,71
743,164,62
604,118,51
918,283,132
455,153,70
193,154,62
303,184,108
172,130,48
588,193,72
570,111,54
867,154,56
679,167,67
163,185,96
724,269,123
326,260,135
917,283,141
16,175,62
234,151,70
548,253,159
283,107,56
680,160,30
83,160,64
146,184,92
878,110,83
788,116,65
783,95,25
140,118,55
86,116,101
223,157,65
460,92,28
760,180,99
105,165,63
264,81,27
88,130,48
269,165,72
34,81,29
625,193,91
902,183,113
835,114,69
674,133,53
777,156,76
880,123,52
676,76,27
603,272,123
352,110,67
591,259,143
628,167,76
515,273,134
594,257,173
45,167,66
967,81,76
253,272,129
103,200,96
317,177,99
778,118,54
12,85,26
9,94,68
430,175,114
429,253,141
921,84,60
460,92,26
256,85,27
493,167,62
442,178,99
588,193,66
674,133,50
510,285,132
809,270,126
441,193,81
88,130,44
945,156,80
105,165,58
715,158,60
417,155,72
140,118,50
16,175,57
867,154,53
594,257,166
788,118,60
604,118,47
77,270,129
52,165,62
627,117,48
891,115,26
482,89,25
269,165,68
529,253,133
346,183,90
45,167,62
158,155,68
933,167,66
146,184,85
103,200,90
450,190,96
211,164,68
658,175,64
630,159,76
880,123,48
9,94,64
585,83,31
657,178,99
22,173,54
969,84,34
925,108,50
375,112,49
303,184,101
960,285,117
821,115,52
916,119,50
676,76,25
430,175,110
918,283,125
352,110,65
548,253,148
680,160,28
783,99,23
223,164,60
326,260,127
214,189,84
234,151,62
760,180,92
745,115,31
706,119,44
429,253,128
224,158,62
724,269,111
685,272,113
515,273,123
752,258,124
517,117,62
317,177,91
971,155,61
218,202,87
917,283,133
778,120,49
193,154,58
967,81,70
567,84,23
902,183,106
507,119,42
271,86,25
591,259,133
157,269,115
311,114,36
196,121,23
163,185,88
835,114,66
762,165,60
603,272,114
779,198,92
410,122,46
366,85,52
86,118,93
253,272,121
557,124,50
660,170,56
587,168,59
172,130,45
465,249,141
212,205,78
307,115,50
777,156,72
85,109,53
892,191,83
369,84,25
628,167,72
10,168,61
117,83,26
475,107,56
166,116,66
101,290,118
264,82,24
807,282,119
82,118,50
34,81,27
625,193,82
743,164,56
878,110,78
373,115,51
111,122,47
679,167,62
505,112,52
455,153,66
581,162,31
921,84,54
12,85,25
750,116,24
83,160,58
387,253,127
570,111,51
230,111,47
806,273,118
283,107,53
230,111,43
16,175,52
916,119,46
441,193,74
88,135,41
218,202,80
548,253,137
253,272,113
715,158,56
917,283,125
921,87,51
902,183,100
52,165,57
410,122,42
12,85,23
745,115,29
510,285,125
630,159,71
117,83,24
777,156,66
750,116,22
971,155,56
581,162,30
373,119,47
83,167,52
507,119,39
960,285,108
82,120,47
835,114,64
588,193,60
45,167,58
482,89,23
317,177,83
172,130,42
455,153,62
417,155,66
585,83,30
429,265,119
517,117,56
660,170,52
157,269,106
658,175,60
969,84,33
505,112,48
594,257,159
111,126,44
557,124,44
105,165,52
878,110,72
214,197,78
788,118,54
34,81,25
967,81,66
212,205,71
625,201,75
706,125,41
307,115,47
77,270,122
264,85,23
627,117,45
326,260,119
387,253,115
778,120,44
529,253,124
223,164,56
685,283,104
269,165,64
430,175,105
465,249,132
591,259,124
346,183,83
567,84,21
743,170,52
587,168,54
493,167,58
918,283,118
375,115,46
311,114,35
211,164,64
604,118,42
762,165,54
925,108,46
442,178,92
163,185,80
146,184,78
679,167,57
891,115,24
880,123,44
809,270,118
676,76,22
158,155,64
657,178,92
234,158,58
196,121,21
352,110,63
752,269,116
570,111,48
945,156,76
807,292,111
366,85,48
303,184,94
783,102,21
515,273,111
103,200,85
760,180,85
271,88,23
806,285,110
603,272,105
867,154,50
821,115,49
369,84,23
283,107,50
256,85,24
85,109,48
9,94,59
166,116,61
724,269,100
224,158,59
450,190,91
475,107,53
140,118,47
460,92,24
892,200,76
674,133,48
101,290,110
933,167,62
680,160,26
628,167,68
193,154,53
10,168,56
779,198,87
86,118,86
22,173,48
760,180,79
745,115,28
264,85,21
82,120,44
515,273,99
604,123,40
628,167,65
835,114,62
117,83,23
88,135,38
548,253,126
157,269,98
111,126,40
878,110,66
224,158,57
234,158,52
706,125,38
196,121,19
430,175,101
101,290,102
916,119,44
603,272,96
307,115,44
493,167,54
902,183,94
807,292,103
676,76,20
317,177,76
587,168,50
921,87,48
505,112,44
510,285,119
660,170,48
585,83,29
223,164,51
891,115,22
410,126,38
442,178,85
627,117,41
809,270,109
269,165,60
778,120,41
34,81,23
867,154,48
366,85,44
821,115,45
967,81,60
475,107,49
482,89,21
303,184,85
45,167,54
256,86,23
752,269,107
16,175,48
680,160,24
455,153,56
85,109,44
679,167,52
783,102,20
567,87,19
9,94,54
892,200,69
271,90,21
218,202,74
369,84,21
724,282,93
933,167,58
777,156,60
12,85,21
211,164,60
429,265,110
917,283,118
630,159,66
460,92,22
971,161,52
715,158,50
658,175,56
375,115,42
441,201,69
52,165,52
77,270,115
969,84,31
212,212,66
146,193,74
352,110,61
140,118,43
657,178,85
750,116,19
326,260,109
960,285,100
557,124,36
450,190,86
806,285,102
253,272,105
86,118,78
417,155,62
283,107,46
743,170,46
529,253,115
588,193,55
311,114,33
465,249,123
517,123,53
158,155,62
387,253,104
172,130,38
214,197,72
685,283,94
507,119,36
22,180,45
163,193,76
625,201,69
674,133,46
581,162,29
591,259,115
779,198,81
788,120,50
373,119,43
10,168,51
945,156,72
346,183,76
762,173,50
166,116,56
594,257,152
193,157,48
103,200,80
570,111,45
918,283,110
105,173,48
83,167,48
925,108,44
230,116,40
880,123,42
450,190,82
807,292,95
917,283,110
85,109,38
442,178,79
724,282,86
346,191,71
945,156,68
111,126,37
52,165,48
685,294,88
581,162,28
140,118,40
410,126,35
587,168,46
77,270,108
369,84,19
211,164,55
835,114,59
625,201,63
880,123,39
706,125,35
311,114,32
628,167,62
658,175,53
594,257,145
230,116,38
916,119,41
269,165,56
34,81,21
548,253,116
264,85,19
83,174,44
166,116,52
505,112,41
283,107,42
375,115,39
214,197,67
196,121,17
750,120,18
253,272,97
234,165,49
429,265,102
925,108,40
475,107,44
482,89,19
12,85,19
193,160,45
674,133,43
627,117,37
960,285,92
271,90,19
455,153,52
224,158,55
921,87,44
158,155,58
603,272,85
493,167,50
809,270,100
517,123,49
430,175,97
760,180,73
969,84,29
529,253,106
9,94,50
103,200,76
163,193,71
317,185,70
745,115,27
465,249,114
146,193,69
604,123,36
933,167,54
967,81,55
660,170,44
743,177,42
303,184,78
307,115,40
588,193,48
88,135,35
783,102,18
366,85,40
918,283,102
715,165,46
105,173,45
567,87,18
891,115,20
212,212,62
777,156,54
585,83,28
557,124,28
460,92,20
515,285,92
373,119,40
892,200,63
101,290,94
417,155,57
441,201,64
762,173,46
507,119,32
387,265,97
223,167,46
806,285,94
591,259,106
157,269,89
326,272,101
679,167,48
779,198,75
778,120,37
821,115,41
630,159,60
218,202,68
352,110,59
971,161,48
676,79,19
172,130,35
902,183,88
256,86,21
657,178,78
45,167,50
10,168,47
867,154,45
570,111,42
82,120,42
752,269,98
22,180,42
86,121,71
117,83,22
16,183,44
510,285,113
788,120,46
680,160,23
878,110,60
715,165,40
52,165,43
588,193,42
778,120,32
762,173,41
567,87,16
557,124,20
271,90,17
679,167,45
9,94,46
570,111,38
835,114,57
387,265,90
891,115,18
902,183,82
16,183,40
777,156,48
10,168,43
352,110,57
441,201,59
892,200,57
22,180,38
760,180,66
283,107,38
375,115,36
505,112,38
196,121,16
660,170,39
366,85,36
680,160,21
933,167,50
214,197,62
460,92,17
548,253,107
465,249,105
581,162,26
921,87,40
88,135,32
158,155,56
105,173,42
256,86,20
429,265,94
916,119,39
264,85,17
627,117,33
172,130,32
85,115,35
83,174,40
658,175,49
925,108,37
779,198,69
806,297,89
45,167,44
493,167,46
724,282,79
752,269,90
587,168,42
111,126,34
967,84,50
326,272,92
307,115,37
676,79,17
303,184,70
517,123,46
515,285,84
821,119,38
604,123,33
346,191,65
969,84,28
103,200,71
166,116,48
918,283,93
880,123,36
317,185,64
685,294,82
630,159,54
230,116,36
442,178,73
450,190,78
224,158,53
269,165,51
809,270,92
591,259,97
77,270,100
529,253,99
253,272,89
783,102,17
430,175,94
34,85,19
867,154,43
585,83,28
234,165,46
482,89,18
510,285,107
706,125,31
960,297,86
140,118,36
807,292,88
455,160,48
12,87,18
223,167,42
674,133,41
594,257,138
218,202,63
628,167,59
86,121,62
417,155,53
625,209,59
369,84,17
945,156,64
475,112,42
193,160,42
211,164,52
507,125,30
101,290,85
603,283,77
117,83,21
311,114,31
82,120,39
373,119,36
157,269,80
163,193,66
917,283,102
878,112,55
750,120,16
657,178,71
212,212,57
146,193,64
743,184,40
788,120,41
410,126,32
971,161,43
745,115,26
88,135,29
214,205,57
933,167,46
777,164,46
921,90,36
917,283,93
103,200,66
410,131,29
326,272,84
969,84,26
387,265,83
307,115,34
224,158,51
557,124,12
482,89,16
493,167,40
918,283,82
417,155,48
211,164,48
317,185,59
196,121,14
807,292,82
77,270,91
658,175,46
34,85,18
806,297,83
212,212,52
22,180,34
925,108,34
880,123,32
230,116,34
450,190,75
902,183,75
967,87,46
465,249,96
750,125,15
591,259,89
303,184,62
12,87,17
743,184,38
548,253,99
752,269,83
455,160,45
83,174,37
163,193,62
783,107,15
375,117,33
52,173,39
117,83,19
517,123,42
657,178,65
101,290,76
9,94,42
311,114,31
724,282,72
788,120,36
529,253,92
679,167,42
10,168,40
587,168,38
346,191,59
253,283,83
760,189,61
269,165,46
460,92,15
441,201,55
515,297,77
878,112,50
234,165,42
140,118,32
271,90,15
105,173,38
778,120,29
369,84,15
157,269,71
111,126,30
867,154,40
158,155,52
85,115,32
581,162,25
916,119,37
193,160,39
166,116,44
510,285,101
628,167,56
676,79,16
660,170,35
779,198,62
373,125,33
971,161,39
505,112,34
715,173,38
45,174,41
627,117,28
429,265,86
264,87,16
680,160,19
594,257,130
835,114,56
674,133,39
892,200,50
570,111,35
685,294,76
366,87,33
507,125,28
809,270,84
945,156,60
256,86,19
442,178,66
603,294,71
352,110,54
960,297,79
891,115,17
585,83,27
16,190,36
82,120,36
86,124,55
218,202,57
604,123,30
172,135,29
821,119,35
430,175,90
630,167,49
762,173,36
283,112,35
567,90,15
625,209,56
745,115,24
475,112,38
588,193,34
223,167,36
706,125,28
146,193,61
475,112,35
630,167,44
585,83,26
369,84,12
82,120,33
430,175,86
465,249,85
172,135,27
10,168,36
373,125,30
117,83,18
83,174,34
352,110,52
867,154,38
658,175,43
77,270,82
366,87,30
45,174,37
140,123,28
715,173,34
307,115,30
303,184,52
157,269,63
442,178,62
253,283,78
604,123,28
788,120,32
967,87,43
892,200,44
588,193,25
557,124,4
196,121,13
326,283,78
510,285,95
745,115,23
676,79,14
762,173,32
821,119,32
809,282,78
807,292,76
223,167,32
212,212,47
218,202,52
902,183,69
835,114,54
752,269,75
529,253,85
627,117,23
777,164,42
515,297,69
34,85,16
283,112,32
778,120,25
925,108,31
680,160,17
85,115,29
674,133,37
460,92,12
918,294,73
933,167,42
969,84,25
105,173,34
166,116,39
230,116,31
945,156,55
271,90,13
317,185,54
505,112,31
214,205,53
22,180,32
193,160,36
806,297,78
269,165,42
570,111,32
12,87,15
517,123,38
660,177,32
417,155,43
493,174,38
581,162,23
625,209,52
706,125,24
917,283,84
256,86,17
587,168,34
567,90,14
346,200,56
507,125,26
429,265,78
750,125,14
158,155,50
441,201,50
410,131,27
224,158,49
163,193,59
743,184,36
264,87,14
146,193,57
779,198,56
455,160,42
9,94,36
311,114,30
603,294,66
891,115,15
724,282,65
387,265,76
211,164,44
103,200,63
88,135,27
916,119,35
52,173,36
375,117,31
679,167,38
86,124,47
482,89,14
628,167,53
760,189,56
111,126,27
960,297,73
880,123,30
591,259,81
685,294,70
548,253,93
16,190,33
101,290,67
783,107,14
450,190,72
921,90,34
878,118,46
594,257,123
234,165,38
971,161,34
657,178,60
430,175,82
971,168,31
311,114,29
628,167,50
867,154,34
12,87,14
410,131,25
750,125,13
510,285,88
212,220,43
835,114,52
743,184,34
680,167,16
9,94,32
117,83,17
724,282,57
193,164,33
557,124,0
706,134,22
604,123,25
548,253,87
271,90,11
778,120,21
256,86,15
630,170,40
346,200,52
517,127,36
570,114,29
821,119,30
676,79,13
88,135,24
214,205,49
715,173,32
223,167,28
22,180,29
465,272,78
85,115,26
253,283,74
945,156,50
111,131,25
902,183,64
745,115,23
783,107,12
455,160,38
777,164,39
627,117,19
482,89,13
967,87,40
625,209,50
529,253,78
375,117,29
369,84,10
234,173,34
86,124,40
587,168,30
352,110,50
224,158,47
588,193,16
429,276,73
218,211,48
567,90,13
515,308,63
788,120,26
674,133,35
158,155,46
658,175,40
475,115,32
441,201,46
417,161,39
960,297,67
585,83,25
166,116,35
918,306,65
157,282,57
933,167,38
387,265,69
807,292,69
373,125,28
45,181,34
230,116,29
196,121,11
969,84,23
505,112,28
917,295,77
10,168,34
105,173,32
493,174,34
317,193,49
603,294,61
16,190,30
779,207,52
581,162,21
752,282,69
77,282,76
891,115,14
163,193,56
921,90,30
880,123,26
283,112,30
140,127,24
101,301,61
679,167,35
685,294,64
450,190,69
892,208,40
809,282,73
211,164,40
507,125,24
760,189,50
366,87,28
660,177,30
264,88,13
269,168,38
762,180,29
806,297,73
146,193,52
460,92,10
103,200,60
303,201,46
878,118,42
326,283,73
442,178,57
52,173,32
657,178,55
172,135,25
916,119,33
34,87,15
83,174,31
82,120,30
594,257,115
591,270,75
307,119,28
925,112,28
223,167,24
630,170,36
211,164,35
809,282,67
475,115,30
117,83,16
604,123,23
706,140,20
821,119,28
369,84,7
256,86,13
745,115,22
892,208,36
778,120,17
627,117,14
45,181,32
917,295,69
548,253,82
685,294,58
880,127,24
724,293,52
660,177,28
515,308,56
52,173,30
625,209,47
103,200,57
105,173,29
218,211,43
743,184,32
22,180,26
916,119,31
346,200,49
587,168,26
264,88,12
788,120,22
417,168,36
82,120,28
517,127,34
387,265,61
140,133,22
375,117,27
303,209,42
482,89,11
12,87,13
442,178,53
674,133,32
567,90,11
752,282,64
283,112,28
783,110,11
311,114,28
196,121,10
628,167,48
441,201,41
585,83,24
921,90,28
9,94,28
86,124,34
680,167,14
88,135,22
715,173,28
460,92,7
269,168,34
317,193,44
166,116,30
960,297,61
493,174,30
230,116,26
807,292,62
925,112,26
410,131,23
172,135,23
657,178,50
557,124,0
967,87,37
867,157,32
505,112,26
193,164,30
450,190,66
918,328,60
835,114,51
83,174,28
777,164,35
971,168,28
760,197,46
902,183,59
366,87,24
806,297,68
591,270,69
570,119,26
307,119,25
762,180,26
234,173,32
779,207,50
146,193,49
224,158,45
455,160,34
750,125,13
352,110,48
111,131,22
85,115,24
507,125,22
529,253,71
429,276,68
101,301,55
157,282,50
878,120,39
891,115,13
10,168,31
594,257,107
933,167,34
373,125,26
679,167,32
326,283,68
465,272,71
603,294,56
581,162,20
945,156,44
212,220,39
676,79,12
588,193,8
158,155,41
34,87,14
658,175,36
16,197,26
969,84,22
510,285,81
253,283,70
214,205,45
430,175,78
271,90,8
77,282,70
163,193,52
657,178,46
788,120,18
346,200,46
567,90,10
971,175,26
475,115,27
630,170,30
706,140,18
442,178,48
880,127,21
807,292,55
387,276,56
158,155,36
724,293,47
12,87,12
967,87,34
326,283,63
214,205,40
230,116,24
892,208,31
303,209,38
157,304,46
925,112,23
253,283,65
52,173,28
960,297,56
510,285,75
891,115,11
193,164,28
88,140,20
117,83,15
271,90,6
366,87,21
921,90,24
410,131,22
585,83,24
105,173,26
806,297,63
373,125,24
783,110,10
196,121,8
111,131,19
269,168,29
752,282,59
557,124,0
902,183,55
777,170,32
163,193,50
375,117,24
745,115,21
917,295,62
674,133,30
22,180,24
172,135,21
570,119,24
628,167,44
588,193,1
307,119,23
317,193,38
933,167,30
82,120,25
679,167,29
9,94,24
591,270,63
482,89,10
86,124,27
311,114,27
369,84,5
594,257,99
762,180,23
352,110,47
441,201,36
146,193,46
264,88,10
969,84,20
256,86,12
581,165,18
166,120,27
224,158,43
715,173,26
835,114,49
101,301,49
918,328,55
660,177,25
676,79,11
460,92,4
821,119,26
743,184,30
283,112,26
517,127,32
878,120,36
809,282,61
77,282,63
867,157,29
430,175,73
507,125,20
34,87,13
234,173,28
916,119,29
627,117,10
10,168,28
45,181,28
604,123,21
218,211,38
417,168,32
603,294,51
83,174,26
750,125,12
680,167,13
493,174,26
505,116,24
625,209,44
85,115,21
778,120,12
429,276,63
529,253,65
685,294,51
455,167,31
658,175,32
450,190,64
515,308,50
211,164,30
103,200,55
945,164,40
140,133,20
16,197,24
779,207,47
587,168,22
760,197,41
223,167,20
548,253,77
212,220,36
465,272,65
587,168,18
311,114,26
807,292,48
628,167,42
212,220,32
783,110,9
960,297,51
271,90,4
441,209,32
902,183,49
603,294,47
548,253,72
679,167,26
234,173,26
529,253,60
557,124,0
86,124,20
218,211,33
515,308,44
510,285,69
750,125,12
88,145,18
375,117,22
410,131,20
967,87,32
101,301,42
779,207,44
752,282,53
680,167,12
85,119,19
256,86,10
945,164,36
760,197,36
627,117,4
630,170,26
34,87,11
567,90,9
715,173,24
891,115,10
140,133,18
921,90,22
214,205,35
878,120,34
326,283,58
604,123,19
482,89,8
676,79,10
417,168,28
211,164,25
835,114,48
163,193,47
581,165,17
762,193,22
442,178,43
475,117,25
809,282,55
674,133,28
916,119,27
352,110,45
16,197,20
166,126,24
971,175,24
657,178,42
223,167,16
517,127,30
821,119,24
253,283,60
969,84,18
745,115,20
925,112,20
892,208,27
594,257,92
507,125,18
52,173,25
82,120,23
111,136,16
465,272,59
307,119,21
146,193,42
788,120,14
224,158,41
346,200,41
303,209,34
283,112,24
778,120,8
193,164,26
591,270,57
706,140,17
103,200,52
12,87,10
369,84,3
77,282,57
918,328,51
660,177,23
196,121,6
460,92,2
45,181,26
917,295,55
158,155,32
430,175,69
264,88,9
366,87,18
269,168,24
83,174,22
230,116,21
172,135,18
317,201,35
570,119,22
117,83,14
806,297,58
585,83,23
743,184,28
880,133,19
9,94,20
450,190,61
933,167,26
455,167,28
105,173,24
658,175,29
625,209,41
867,157,26
505,116,22
10,168,26
724,304,44
777,170,28
373,125,22
493,181,24
22,186,22
387,276,51
588,193,0
685,294,46
429,276,58
157,304,43
77,282,50
317,201,32
779,207,41
172,140,17
706,140,15
88,145,16
117,83,13
777,170,25
34,87,10
283,112,21
778,120,4
52,173,22
12,87,9
967,87,30
303,209,29
892,208,22
369,84,0
111,136,14
224,158,39
157,304,40
933,167,22
557,124,0
45,181,22
234,173,22
264,88,7
680,167,10
505,116,19
158,155,28
745,115,19
83,181,20
891,115,9
230,122,19
373,125,20
212,220,28
214,205,31
945,164,32
657,178,38
510,285,63
196,121,5
193,164,23
465,272,54
82,120,21
880,133,17
925,112,17
581,165,16
326,283,53
223,167,12
460,92,0
674,133,26
166,126,22
375,117,19
878,120,31
311,114,25
807,292,41
902,183,43
821,119,22
16,197,17
163,193,44
548,253,67
517,127,28
585,83,22
271,90,2
269,168,21
628,167,38
493,181,20
450,190,58
916,119,25
806,297,54
475,117,22
346,200,38
307,119,19
960,297,46
105,173,22
750,125,11
587,168,15
256,86,9
146,193,38
103,200,50
9,94,15
101,301,36
387,276,46
352,110,44
743,184,27
482,89,7
685,306,42
430,175,64
724,304,40
679,167,22
660,177,20
570,119,19
366,87,14
86,124,15
515,308,38
218,211,29
762,193,21
604,123,17
507,140,17
969,84,16
567,101,8
788,120,11
625,209,38
594,257,84
835,114,46
10,168,24
760,197,29
971,175,22
429,276,54
921,101,20
85,119,17
417,175,26
253,283,55
588,193,0
867,157,24
603,294,43
918,328,47
917,295,49
783,110,7
676,79,8
809,282,49
442,178,38
630,170,21
752,282,47
627,117,0
211,164,20
750,125,11
346,200,34
627,117,0
680,167,9
567,101,7
450,190,56
679,167,20
548,253,63
628,167,36
101,325,32
505,118,17
507,140,16
366,87,11
603,294,39
783,110,5
967,87,28
417,183,22
12,87,8
166,132,20
82,120,20
196,121,3
867,157,21
676,90,8
892,233,20
52,173,20
269,168,17
460,92,0
891,125,8
630,170,16
163,193,41
230,126,17
234,180,20
581,165,15
88,145,15
743,184,26
587,168,12
806,297,50
307,119,17
352,110,42
807,315,37
283,112,19
211,164,14
685,306,37
34,87,9
212,237,25
969,85,15
465,272,49
880,143,15
224,158,37
588,193,0
214,212,27
375,117,17
960,297,41
77,282,42
925,123,15
256,86,8
482,89,5
971,175,20
777,170,22
223,167,8
517,127,26
779,207,38
317,201,29
625,209,36
16,197,14
515,332,34
821,119,20
916,119,23
10,168,21
510,285,56
103,200,48
303,235,27
918,328,42
117,83,12
264,88,5
724,304,37
111,147,12
218,227,26
902,191,38
83,194,20
657,178,34
604,127,15
585,83,21
762,193,20
45,194,20
429,276,50
594,257,76
85,125,15
430,175,59
157,328,38
373,125,18
193,164,21
271,90,1
9,94,10
557,124,0
570,119,17
878,120,28
674,133,23
752,293,42
369,84,0
706,140,13
493,194,18
475,117,20
917,307,44
760,212,26
809,292,44
745,115,18
778,120,1
921,101,20
326,283,47
158,168,26
945,164,27
253,283,50
387,276,41
835,114,44
86,124,8
442,178,34
311,114,25
660,191,19
146,193,35
788,120,8
172,145,16
105,180,20
933,167,18
945,170,24
234,193,18
779,207,36
253,283,45
12,87,7
660,191,18
783,110,4
892,250,19
921,101,18
146,193,31
969,87,13
475,117,18
430,175,55
10,168,18
680,167,8
269,168,13
752,293,37
482,89,4
465,272,44
585,83,20
867,160,19
750,125,11
45,194,18
778,120,0
214,212,24
158,168,24
264,88,4
224,158,35
117,83,11
878,120,26
157,328,36
507,140,15
891,136,8
581,165,14
916,119,21
625,209,33
369,84,0
223,167,4
570,119,15
77,303,37
85,130,13
86,124,1
460,92,0
933,167,14
685,317,33
442,178,29
83,194,18
902,191,32
788,120,6
587,168,8
604,143,14
352,110,41
88,145,13
493,194,16
760,220,23
52,193,18
515,332,30
657,178,29
603,294,35
630,170,10
548,253,59
679,167,18
429,276,47
917,307,39
505,120,16
326,294,42
594,257,69
588,193,0
809,292,39
835,114,43
34,87,8
807,315,33
375,117,15
366,87,8
450,190,54
628,167,32
211,164,8
745,115,17
724,328,35
16,197,9
387,289,37
303,235,25
880,143,13
196,121,0
918,340,38
111,161,12
172,145,14
212,237,22
82,120,19
230,126,15
777,177,19
743,184,24
971,197,18
706,140,11
271,90,0
103,200,46
256,86,6
967,87,26
567,101,7
373,125,16
311,114,24
105,193,18
676,97,7
821,121,18
925,137,14
307,125,16
193,164,19
166,132,18
9,94,6
960,297,36
517,127,24
510,285,50
283,112,17
627,117,0
762,193,19
557,124,0
417,190,20
101,325,28
674,133,21
346,208,30
163,193,38
218,227,23
806,297,46
317,201,27
760,220,21
960,297,31
867,160,17
880,143,11
352,110,40
892,250,18
515,332,26
303,235,23
625,209,31
101,359,26
679,167,15
788,120,3
628,167,30
83,194,18
224,158,34
193,164,17
326,294,37
657,194,26
88,145,12
779,207,32
807,315,29
103,200,44
604,143,14
587,168,4
821,121,16
783,110,2
111,161,11
85,130,12
475,117,15
387,289,33
369,84,0
373,125,14
253,283,40
82,120,18
567,101,6
925,137,12
307,125,14
921,101,18
105,193,18
9,94,2
762,193,18
256,86,5
507,140,14
86,124,0
375,117,13
271,90,0
166,132,17
809,292,34
146,193,27
660,191,16
570,119,13
680,167,6
234,193,17
214,220,20
585,83,19
218,227,20
945,177,22
230,126,12
223,167,1
676,97,7
264,88,3
460,92,0
163,193,36
777,199,18
77,303,32
706,140,9
548,253,56
366,87,6
806,297,42
450,190,52
971,197,18
465,272,38
430,175,51
269,168,9
346,208,26
283,117,15
196,121,0
835,114,42
967,87,24
212,237,20
557,124,0
16,197,4
745,115,16
902,208,28
627,117,0
594,257,62
724,328,33
581,165,13
750,125,10
12,87,6
917,307,35
442,178,25
158,168,21
630,170,4
918,340,34
505,120,14
752,293,33
429,276,44
45,194,16
933,167,10
916,119,18
674,133,19
211,164,2
969,87,12
52,193,16
588,193,0
34,87,7
417,190,18
317,201,25
778,120,0
157,328,34
10,168,16
482,89,3
172,145,13
311,114,23
743,184,22
517,127,22
510,297,46
878,120,24
891,136,7
603,294,31
493,194,15
117,83,10
685,317,29
680,167,5
581,165,12
588,193,0
630,170,0
117,83,9
86,124,0
587,168,0
52,193,15
679,167,13
493,194,14
101,359,24
105,193,16
16,197,0
594,257,54
515,368,24
807,315,25
311,114,22
778,120,0
10,168,14
172,145,12
366,87,3
271,90,0
835,114,40
83,194,16
450,190,50
45,194,14
783,110,1
269,168,5
762,193,17
779,207,29
892,250,16
352,110,38
224,158,32
548,253,53
967,87,22
809,292,29
317,217,24
960,308,27
685,317,25
387,289,28
743,184,21
676,97,6
373,125,12
604,143,13
777,199,16
745,115,14
234,193,16
657,194,23
85,130,11
223,167,0
788,120,0
917,307,31
750,125,10
465,283,33
429,276,41
307,140,13
214,229,18
933,167,4
505,120,13
12,87,5
674,133,17
570,119,12
945,177,19
166,132,16
417,197,16
918,340,30
603,294,28
969,87,11
557,124,0
34,87,6
916,119,16
346,216,22
510,297,41
88,145,10
82,120,16
326,294,33
196,121,0
806,297,39
880,143,9
925,137,11
146,201,24
103,200,42
369,84,0
625,209,29
760,220,19
482,89,2
218,227,18
303,235,21
111,161,10
660,191,14
517,127,20
158,168,19
627,117,0
891,136,7
902,216,25
752,293,29
193,164,15
567,101,6
211,164,0
283,117,14
628,167,26
878,120,22
77,303,27
442,194,23
212,237,17
230,136,11
971,197,16
9,94,0
475,117,13
163,193,33
706,140,8
585,83,18
157,328,32
375,117,11
507,140,14
430,175,47
460,92,0
256,86,4
724,328,31
867,160,14
264,88,1
253,283,35
921,101,16
821,121,15
224,158,30
921,101,16
103,200,40
835,114,39
724,328,29
352,110,36
685,317,21
762,193,16
417,197,14
777,199,14
630,170,0
679,167,11
933,167,0
146,201,20
105,193,16
548,253,50
450,190,48
101,359,22
570,119,10
85,130,10
83,194,16
429,276,39
271,90,0
809,292,24
967,87,20
507,140,13
86,124,0
303,235,19
326,294,29
971,197,16
283,117,13
346,216,19
778,120,0
307,140,12
253,283,30
604,143,12
196,121,0
628,167,22
917,307,27
218,227,15
779,207,27
493,194,12
157,328,30
567,101,5
211,164,0
760,220,17
603,294,25
269,168,2
465,283,27
166,132,15
9,94,0
234,193,14
743,184,20
891,136,7
807,315,21
788,120,0
214,229,15
373,130,10
45,194,12
317,217,22
585,83,17
10,168,12
627,117,0
587,168,0
117,83,9
460,92,0
230,136,9
375,117,9
892,250,15
916,119,14
752,293,24
505,120,12
193,164,13
918,340,27
581,165,10
16,197,0
82,120,15
52,193,14
706,140,6
878,120,20
34,87,5
369,84,0
925,137,10
902,216,23
515,368,22
517,127,18
821,121,14
867,164,12
674,133,15
111,161,9
264,88,0
163,193,30
256,86,3
223,167,0
588,193,0
880,143,7
482,89,1
172,145,11
442,211,22
430,175,43
594,257,46
475,117,10
88,145,8
745,115,13
311,114,22
12,87,4
960,308,23
969,87,9
366,87,1
680,167,4
510,297,35
212,237,15
158,168,17
625,209,26
387,289,23
657,194,21
660,191,13
783,110,0
77,303,22
806,297,36
945,177,16
676,97,6
750,125,10
557,124,0
326,317,27
430,175,40
969,91,8
157,328,28
16,197,0
375,117,7
264,88,0
101,359,20
892,250,13
960,332,20
779,207,24
821,121,13
83,194,14
743,184,18
442,211,20
10,168,10
196,121,0
218,259,13
706,140,4
878,120,18
867,164,10
685,362,19
9,94,0
625,209,22
103,200,38
369,84,0
515,368,20
567,101,4
482,89,0
193,164,11
253,317,27
750,125,10
627,117,0
809,326,21
674,133,13
971,197,14
902,216,21
788,120,0
311,114,21
921,101,14
933,167,0
916,119,12
835,114,38
806,297,34
346,240,17
172,145,10
86,124,0
212,261,13
475,117,8
587,168,0
158,168,15
745,115,12
34,87,4
224,158,28
82,120,13
223,167,0
581,165,9
880,143,5
588,193,0
967,87,18
570,119,8
657,194,19
366,87,0
594,268,40
111,161,8
510,308,29
283,127,12
778,120,0
352,110,35
783,110,0
387,323,19
724,328,27
891,136,6
307,140,12
760,245,15
85,130,8
52,193,13
77,337,19
271,90,0
630,170,0
234,193,12
45,194,10
557,124,0
585,83,16
373,144,8
417,197,12
807,360,19
925,137,9
507,140,12
628,167,18
676,97,6
752,328,21
493,194,10
450,190,46
256,86,2
505,120,11
917,331,24
105,193,14
163,193,27
604,143,11
679,167,9
660,191,12
517,127,16
945,199,15
429,276,37
303,235,17
166,132,14
214,261,13
317,217,21
12,87,3
269,168,0
777,199,13
465,328,24
680,167,2
548,253,47
230,151,8
460,92,0
146,235,19
603,294,22
918,374,25
762,193,15
88,145,7
211,164,0
117,83,8
745,115,11
788,120,0
256,86,1
103,200,36
230,167,7
505,120,10
77,372,17
158,197,14
517,127,14
224,158,26
211,164,0
548,253,44
515,368,18
441,235,20
375,117,4
967,87,16
163,193,24
880,143,3
373,159,8
34,87,3
212,261,12
88,145,5
9,94,0
283,127,11
627,117,0
307,140,11
218,259,12
603,294,19
157,328,26
567,101,4
346,264,15
86,124,0
303,235,15
417,197,10
715,193,12
807,360,17
706,140,2
658,197,12
172,145,8
762,193,14
140,168,6
945,199,14
269,168,0
85,140,8
465,362,22
101,359,18
604,143,10
878,120,16
429,276,35
410,141,11
455,194,15
587,168,0
660,191,10
625,209,19
82,120,12
760,245,14
783,110,0
630,170,0
743,184,16
918,374,23
387,368,17
916,134,11
253,351,25
311,114,21
933,167,0
971,197,14
821,121,12
45,194,8
16,197,0
750,125,10
657,194,17
196,121,0
460,92,0
493,194,9
778,120,0
52,193,12
891,136,6
234,193,11
892,250,12
581,165,8
166,132,12
430,175,36
450,190,43
588,193,0
752,364,19
111,161,8
369,84,0
585,83,15
685,362,17
570,119,7
680,167,1
867,164,7
475,117,4
777,199,12
264,88,0
591,349,24
594,279,34
960,368,18
223,167,0
724,328,25
806,297,32
917,366,22
83,194,14
22,193,10
921,101,14
557,124,0
925,137,8
902,233,20
835,114,37
510,356,26
529,265,20
10,168,8
628,167,14
809,360,19
674,139,11
214,261,12
105,193,14
779,207,20
969,91,7
352,110,33
482,89,0
12,87,2
507,140,11
317,217,20
679,167,7
146,235,18
676,97,5
442,211,19
271,90,0
326,317,25
366,87,0
117,83,7
193,164,9
12,87,2
706,140,0
86,124,0
762,193,13
140,168,6
925,137,6
625,235,17
969,93,6
676,97,5
921,101,12
807,360,15
311,114,20
193,164,8
387,368,15
157,328,24
196,121,0
585,83,14
441,235,18
594,291,28
660,191,9
430,175,32
679,167,5
505,120,8
967,87,13
352,110,32
455,194,14
253,351,23
283,127,10
715,193,10
85,140,7
880,143,1
22,193,8
88,145,4
373,159,7
16,197,0
146,235,16
657,194,15
442,211,18
45,194,6
806,297,30
103,200,34
82,120,10
960,368,16
482,89,0
117,83,6
591,349,22
166,132,11
628,167,11
172,145,7
211,164,0
417,197,7
548,253,41
234,193,10
163,193,22
821,121,10
891,136,6
752,364,17
515,368,16
685,362,15
529,300,17
809,360,17
307,140,10
223,167,0
375,117,2
604,143,10
77,372,15
750,125,9
475,117,2
557,124,0
788,120,0
743,184,14
916,149,10
214,261,10
52,193,11
745,115,10
724,328,23
460,92,0
674,149,10
603,317,17
271,90,0
218,259,10
567,101,3
581,165,7
945,199,12
264,88,0
105,193,12
429,276,33
517,127,13
917,366,20
493,194,8
450,190,41
779,207,17
465,362,20
224,158,24
777,199,10
918,374,21
230,167,6
34,87,2
346,264,14
303,235,13
587,168,0
971,197,12
588,193,0
9,94,0
369,84,0
317,217,18
212,261,10
627,117,0
269,168,0
326,317,23
933,167,0
410,141,10
680,167,0
507,140,10
256,86,0
570,119,5
902,233,18
158,197,13
783,110,0
867,164,4
510,392,24
892,250,10
760,245,13
10,168,6
658,197,10
878,120,14
366,87,0
101,359,16
83,194,12
835,114,36
778,120,0
111,161,7
630,170,0
880,143,0
117,83,5
16,197,0
517,127,11
9,94,0
806,297,28
515,368,14
442,211,16
196,121,0
510,392,22
253,351,21
891,136,6
224,158,22
557,124,0
570,119,4
10,168,4
778,120,0
256,86,0
482,89,0
283,127,10
218,259,9
892,250,9
12,87,1
916,149,10
77,372,13
429,276,31
166,132,10
660,191,8
657,194,13
86,124,0
967,87,10
366,87,0
105,193,12
375,117,0
140,168,5
88,145,2
317,217,17
960,368,14
588,193,0
581,165,6
604,143,9
212,261,9
352,110,30
674,149,9
835,114,34
271,90,0
303,235,10
460,92,0
465,362,18
158,197,12
346,264,13
777,199,8
788,120,0
101,359,14
809,360,15
172,145,6
627,117,0
269,168,0
223,167,0
807,360,13
211,164,0
529,300,14
373,159,6
567,101,3
234,193,8
745,115,9
214,261,9
82,120,8
326,317,21
591,349,20
971,197,12
455,194,14
163,193,18
630,170,0
945,199,10
505,120,7
430,175,28
628,167,8
676,97,4
680,167,0
743,184,12
410,141,10
369,84,0
925,137,5
507,140,10
821,121,9
264,88,0
603,317,15
779,231,15
902,233,17
969,93,5
475,117,0
625,235,15
417,197,4
45,194,5
867,164,2
685,362,13
157,328,22
85,140,6
230,167,5
493,194,6
715,193,9
311,114,19
783,110,0
724,328,21
111,161,7
146,235,15
752,364,15
750,125,9
878,120,12
441,235,17
917,366,18
658,197,9
34,87,1
679,167,3
921,101,12
918,374,19
103,200,31
307,140,9
587,168,0
83,194,12
22,193,7
594,303,23
450,190,39
585,83,13
706,140,0
387,368,13
548,253,38
52,193,10
933,167,0
762,193,12
193,164,7
760,245,11
214,261,8
10,168,2
387,368,11
307,140,8
783,110,0
375,117,0
807,360,11
507,140,9
163,193,15
450,190,37
625,235,13
581,165,5
960,368,12
892,250,8
505,120,6
429,276,29
760,245,10
172,145,5
627,117,0
103,200,29
591,349,18
778,120,0
430,175,24
685,362,10
657,194,10
788,120,0
567,101,2
230,167,4
269,168,0
417,197,2
630,170,0
442,211,15
680,167,0
16,197,0
658,197,7
594,303,17
117,86,4
223,167,0
196,121,0
303,235,8
271,90,0
916,149,9
369,84,0
253,351,19
455,194,14
346,264,11
548,253,35
34,87,0
806,297,26
515,368,12
902,233,15
570,119,2
604,143,8
743,184,10
752,364,13
679,167,1
105,193,10
52,193,9
603,317,13
517,127,10
918,374,17
193,164,6
140,168,4
465,362,16
283,127,9
264,88,0
510,392,20
441,235,15
212,261,8
925,137,4
676,97,4
83,194,10
971,197,10
158,197,11
706,140,0
82,120,7
410,141,9
945,199,9
311,114,19
373,159,5
493,194,5
557,124,0
482,89,0
12,87,0
529,300,11
218,259,8
660,191,7
835,114,33
674,149,8
724,328,19
317,217,15
880,143,0
969,93,4
77,372,11
234,193,6
628,167,6
587,168,0
224,158,20
750,125,9
101,359,12
745,115,8
86,124,0
166,132,9
933,167,0
326,317,19
967,87,6
211,164,0
88,145,0
256,86,0
867,164,0
809,360,13
779,231,13
715,193,8
146,235,13
85,140,5
588,193,0
111,161,6
585,83,12
352,110,28
777,199,7
366,87,0
475,117,0
821,121,8
22,193,6
917,366,16
45,194,4
460,92,0
762,193,11
878,120,10
9,94,0
921,101,10
891,136,6
157,328,20
211,164,0
352,110,27
743,191,9
715,193,6
460,92,0
625,268,11
140,205,4
387,461,10
34,87,0
82,120,5
750,125,9
375,117,0
587,168,0
918,374,15
921,101,10
627,117,0
234,193,5
77,450,10
902,233,14
214,327,7
960,368,10
417,197,0
788,120,0
52,193,8
22,193,4
867,164,0
628,167,3
223,167,0
925,137,3
567,101,1
674,149,6
933,167,0
969,93,3
685,452,9
166,152,8
172,145,4
218,325,7
442,211,13
515,368,10
529,345,9
482,89,0
517,143,8
588,193,0
880,143,0
971,197,10
410,141,8
271,90,0
86,124,0
163,209,12
253,351,17
307,140,8
706,140,0
779,264,11
101,359,10
317,217,14
760,245,8
264,88,0
806,297,24
581,165,3
196,121,0
594,373,14
429,276,27
591,349,16
303,235,6
752,364,11
891,136,5
724,328,17
916,149,8
657,227,9
326,317,17
450,190,35
193,164,6
83,194,10
16,197,0
585,83,11
945,199,7
778,120,0
821,121,7
12,87,0
658,197,5
679,167,0
366,87,0
158,197,10
505,120,5
510,392,18
783,110,0
45,194,2
441,235,14
557,124,0
745,115,7
570,119,0
311,114,18
212,327,7
455,194,13
630,170,0
230,202,4
680,167,0
88,145,0
157,328,18
111,161,6
269,168,0
346,264,10
369,84,0
809,360,11
85,140,4
892,308,7
373,159,4
603,317,11
103,200,27
10,168,0
146,235,12
835,114,32
878,120,8
224,158,18
604,143,7
9,94,0
105,193,10
917,366,14
493,194,4
967,87,2
676,97,4
762,193,10
777,199,6
430,175,20
465,362,14
475,117,0
117,101,4
256,86,0
283,127,8
660,191,6
548,253,31
507,140,8
807,450,10
778,120,0
373,159,4
658,197,3
625,268,10
166,152,7
442,211,12
892,308,6
256,86,0
460,92,0
752,364,9
303,235,4
762,193,9
945,199,5
269,168,0
103,200,24
918,374,13
867,164,0
581,165,2
311,114,18
163,233,10
45,194,0
706,140,0
724,328,15
9,94,0
916,149,7
933,167,0
86,124,0
475,117,0
967,87,0
346,264,8
515,451,9
465,362,12
715,193,4
548,253,27
387,461,9
417,197,0
760,245,7
567,101,1
52,193,7
917,366,12
835,114,32
585,83,10
158,197,9
529,426,8
223,167,0
212,327,6
788,120,0
807,450,9
603,317,9
410,141,7
77,450,9
172,145,2
326,317,15
101,441,9
146,235,10
591,349,14
450,190,33
921,101,8
211,164,0
517,143,7
493,194,3
375,117,0
902,233,13
157,328,16
34,87,0
111,161,6
570,119,0
627,117,0
783,110,0
224,158,16
779,264,10
85,140,4
234,193,4
745,115,6
660,191,5
507,140,7
430,175,17
878,120,6
969,93,2
777,199,4
117,101,4
352,110,25
925,137,2
960,451,9
743,191,8
809,360,9
230,202,4
685,452,8
317,217,13
630,170,0
587,168,0
628,167,0
10,168,0
557,124,0
82,120,4
821,121,6
140,205,3
22,193,2
679,167,0
891,136,5
429,276,25
253,351,15
455,194,12
505,120,4
657,227,8
283,127,7
971,197,8
214,327,6
196,121,0
88,145,0
271,90,0
307,140,7
193,164,5
806,297,22
264,88,0
880,143,0
369,84,0
83,194,8
510,392,16
594,432,12
750,125,9
680,167,0
588,193,0
366,87,0
441,235,13
674,149,5
482,89,0
12,87,0
105,193,8
604,143,6
676,97,3
16,197,0
218,325,6
52,193,6
450,190,31
867,164,0
557,124,0
809,450,8
101,441,8
925,137,0
570,119,0
103,200,22
679,167,0
967,87,0
821,121,4
86,124,0
317,217,11
475,117,0
510,392,14
105,193,8
715,193,3
163,266,8
657,227,6
783,110,0
778,120,0
588,193,0
140,205,3
22,193,1
505,120,2
283,127,6
625,268,8
172,145,1
835,114,31
311,114,17
34,87,0
455,194,12
82,120,2
777,199,2
971,197,8
234,193,2
430,191,14
591,349,12
10,168,0
685,452,7
196,121,0
779,264,8
921,101,8
16,197,0
193,164,4
326,317,13
674,149,4
658,197,1
410,141,6
630,170,0
788,120,0
366,87,0
916,149,6
117,101,3
918,374,11
902,233,11
880,143,0
264,88,0
891,136,5
892,308,6
417,197,0
307,140,6
585,83,9
706,140,0
724,328,13
604,143,6
603,397,8
627,117,0
223,167,0
157,328,14
85,174,3
88,145,0
111,161,5
214,327,6
806,297,20
807,450,8
373,199,3
460,92,0
493,194,2
945,199,3
45,194,0
218,325,6
269,168,0
676,97,3
465,362,10
581,165,0
146,235,9
933,167,0
271,90,0
587,168,0
83,194,8
750,125,8
230,202,3
429,276,23
303,235,2
878,120,4
482,89,0
752,445,8
441,235,11
743,191,6
917,366,10
760,245,6
745,115,5
660,191,4
77,450,8
762,193,8
158,197,8
567,101,0
515,451,8
352,110,24
969,93,1
346,264,7
166,152,6
224,158,14
442,211,10
517,165,6
529,426,7
212,327,6
375,117,0
369,84,0
960,451,8
680,167,0
387,461,8
211,164,0
12,87,0
628,167,0
594,432,10
253,351,13
9,94,0
507,140,6
548,253,23
256,86,0
352,110,22
627,117,0
658,197,0
969,93,0
581,165,0
548,253,19
891,136,5
88,145,0
417,197,0
218,325,5
628,167,0
921,101,6
918,374,9
762,193,7
256,86,0
10,168,0
779,264,7
369,84,0
230,202,3
317,217,10
346,264,6
591,349,11
9,94,0
933,167,0
788,120,0
585,83,8
157,328,12
264,88,0
750,125,8
878,120,2
715,193,2
685,452,6
743,191,4
630,170,0
587,168,0
902,233,10
604,143,5
625,268,7
745,115,4
366,87,0
724,328,11
12,87,0
387,461,7
588,193,0
166,152,6
778,120,0
917,366,8
657,227,5
570,119,0
224,158,12
212,327,5
45,194,0
892,308,5
455,194,12
706,140,0
163,266,7
193,164,3
271,90,0
111,161,5
557,124,0
172,145,0
303,235,0
460,92,0
594,432,8
105,193,6
679,167,0
311,114,16
373,199,3
34,87,0
223,167,0
442,211,9
375,117,0
821,121,3
307,140,5
493,194,1
967,87,0
52,193,5
429,276,21
680,167,0
752,445,7
529,426,6
515,451,7
441,235,10
101,441,7
450,190,29
510,392,12
82,120,0
475,117,0
960,451,7
83,194,6
86,124,0
326,317,11
140,205,2
465,362,8
214,327,5
567,101,0
211,164,0
674,149,3
603,397,7
777,199,1
783,110,0
971,197,6
430,191,11
269,168,0
807,450,7
505,120,1
809,450,7
410,141,6
85,174,3
945,199,1
77,450,7
880,143,0
507,140,6
517,191,5
103,200,20
760,302,5
867,164,0
16,197,0
234,193,0
146,235,8
158,197,7
925,137,0
253,351,11
676,97,2
916,149,6
806,297,18
117,101,3
196,121,0
22,193,0
660,191,3
482,89,0
835,114,30
283,127,6
103,200,18
570,119,0
921,101,6
760,302,4
777,199,0
917,366,6
366,87,0
85,174,2
783,110,0
224,158,10
196,121,0
933,167,0
172,145,0
591,349,10
311,114,16
880,143,0
475,117,0
45,194,0
878,120,0
234,193,0
778,120,0
450,190,27
752,445,6
441,235,8
22,193,0
493,194,0
283,127,5
628,167,0
676,97,2
223,167,0
34,87,0
745,115,3
945,199,0
604,143,4
163,266,6
788,120,0
83,194,6
460,92,0
762,193,6
52,193,4
271,90,0
256,86,0
835,114,29
101,441,6
674,149,2
706,140,0
627,117,0
916,149,5
588,193,0
12,87,0
892,308,4
211,164,0
455,194,11
387,461,6
750,125,8
303,235,0
369,84,0
193,164,2
567,101,0
86,124,0
660,191,2
352,110,21
111,161,4
925,137,0
373,199,2
326,317,9
548,253,14
658,197,0
807,450,6
779,264,6
218,325,4
230,202,2
307,140,4
429,276,19
902,233,8
442,211,8
269,168,0
317,217,8
505,120,0
146,235,6
507,140,5
417,197,0
630,170,0
517,191,4
510,392,10
806,297,16
585,83,7
557,124,0
157,328,10
809,450,6
680,167,0
724,328,9
587,168,0
715,193,0
743,191,3
967,87,0
657,284,4
515,451,6
264,88,0
214,327,4
679,167,0
969,93,0
158,197,6
891,136,5
482,89,0
960,451,6
117,101,2
410,141,5
16,197,0
10,168,0
375,117,0
9,94,0
105,193,6
581,165,0
821,121,2
82,120,0
603,397,6
971,197,6
867,164,0
140,205,2
594,432,6
158,197,5
743,191,2
441,235,7
230,202,2
945,199,0
82,120,0
493,194,0
117,101,2
218,325,4
674,149,0
429,276,17
567,101,0
806,297,14
45,194,0
933,167,0
745,115,3
410,141,4
821,121,1
679,167,0
657,284,4
224,158,8
352,110,20
969,93,0
628,167,0
867,164,0
783,110,0
591,349,9
307,140,4
223,167,0
101,441,5
570,119,0
892,308,4
715,193,0
9,94,0
214,327,4
271,90,0
835,114,28
724,328,7
22,193,0
960,451,5
581,165,0
105,193,4
557,124,0
475,117,0
603,397,5
442,211,6
627,117,0
85,174,2
878,120,0
548,276,9
660,191,1
234,193,0
455,194,10
752,445,5
103,200,15
326,317,7
375,117,0
172,145,0
111,161,4
750,125,8
146,235,5
676,97,2
762,193,5
52,193,3
517,191,4
891,136,4
196,121,0
366,87,0
779,264,4
507,140,4
16,197,0
264,88,0
917,448,5
777,199,0
283,127,4
211,164,0
880,143,0
256,86,0
588,193,0
809,450,5
706,140,0
373,199,2
193,164,2
925,137,0
86,124,0
450,190,24
269,168,0
778,120,0
788,120,0
760,302,4
163,266,4
505,120,0
971,197,4
482,89,0
510,392,8
157,328,8
916,149,4
12,87,0
902,233,7
807,450,5
515,451,5
311,114,15
680,167,0
34,87,0
594,466,5
387,461,5
83,194,4
10,168,0
604,143,3
587,168,0
630,170,0
140,205,2
585,83,6
303,235,0
417,197,0
460,92,0
921,101,4
658,197,0
967,87,0
369,84,0
317,225,6
594,466,4
450,190,22
163,266,3
429,276,15
788,120,0
567,101,0
585,83,5
603,397,4
442,211,5
352,110,19
117,101,2
493,194,0
369,84,0
45,194,0
264,88,0
627,117,0
679,167,0
16,197,0
311,114,15
410,141,3
111,161,4
835,114,28
933,167,0
441,235,6
482,89,0
925,137,0
510,392,6
271,90,0
745,115,2
193,164,1
234,193,0
917,448,4
223,167,0
570,119,0
967,87,0
916,149,3
83,194,4
375,117,0
960,451,4
387,461,4
945,199,0
303,235,0
892,308,3
750,125,8
806,297,12
778,120,0
867,164,0
680,167,0
777,199,0
105,193,4
878,120,0
146,235,4
52,193,2
269,168,0
548,323,6
224,158,6
762,193,4
809,450,4
9,94,0
783,110,0
630,170,0
317,225,5
103,200,13
505,120,0
821,121,0
581,165,0
507,140,3
591,349,8
101,441,4
10,168,0
517,191,3
969,93,0
283,127,3
82,120,0
807,450,4
715,193,0
515,451,4
660,191,0
657,284,3
779,264,3
752,445,4
230,202,2
628,167,0
214,327,3
460,92,0
587,168,0
891,136,4
760,302,3
880,143,0
196,121,0
218,325,3
743,191,0
158,197,4
557,124,0
455,194,10
140,205,1
366,87,0
475,117,0
307,140,3
172,145,0
724,328,5
12,87,0
34,87,0
674,149,0
604,143,2
86,124,0
85,174,2
211,164,0
417,197,0
256,86,0
921,101,4
676,97,1
588,193,0
373,199,2
658,197,0
157,328,6
22,193,0
326,317,5
971,197,4
902,233,6
706,140,0
460,92,0
455,194,10
880,143,0
111,161,3
196,121,0
510,392,4
369,84,0
429,276,13
86,124,0
450,190,20
85,174,1
352,110,18
945,199,0
34,87,0
387,461,3
588,193,0
658,197,0
303,235,0
218,325,2
507,140,2
715,193,0
752,445,3
706,140,0
921,101,2
969,93,0
326,317,3
117,101,1
657,284,2
821,121,0
591,349,7
441,235,4
585,83,4
724,328,3
515,451,3
594,466,3
105,193,2
264,88,0
223,167,0
283,127,2
587,168,0
902,233,4
375,117,0
762,193,3
809,450,3
567,101,0
676,97,1
743,191,0
878,120,0
967,87,0
891,136,4
627,117,0
505,120,0
807,450,3
548,368,4
214,327,2
146,235,2
224,158,4
760,302,2
783,110,0
12,87,0
933,167,0
778,120,0
9,94,0
630,170,0
256,86,0
52,193,1
101,441,3
16,197,0
22,193,0
674,149,0
750,125,7
867,164,0
211,164,0
307,140,2
82,120,0
570,119,0
788,120,0
777,199,0
366,87,0
317,225,4
271,90,0
45,194,0
835,114,27
475,117,0
916,149,2
892,308,2
917,448,3
493,194,0
163,322,2
604,143,2
925,137,0
628,167,0
172,145,0
234,193,0
269,168,0
442,211,4
745,121,1
417,197,0
806,297,10
960,451,3
193,164,0
158,197,3
83,194,2
482,89,0
157,328,4
581,165,0
603,397,3
517,191,2
311,114,14
140,205,1
680,167,0
230,202,1
103,200,11
410,141,2
557,124,0
679,167,0
10,168,0
971,197,2
779,329,2
373,199,1
660,191,0
317,225,2
971,197,2
86,124,0
311,114,13
307,140,1
256,86,0
891,136,4
283,127,2
22,193,0
234,193,0
706,140,0
269,168,0
777,199,0
752,445,2
892,308,1
146,235,1
303,235,0
10,168,0
417,197,0
588,193,0
158,197,2
960,451,2
475,117,0
603,397,2
85,174,1
326,397,2
969,93,0
230,202,1
460,92,0
224,186,2
211,164,0
517,191,1
218,325,1
676,97,0
750,125,7
604,143,1
442,211,2
581,165,0
779,329,1
745,121,1
510,392,2
482,89,0
193,164,0
557,124,0
945,199,0
867,164,0
743,191,0
917,448,2
821,121,0
660,191,0
921,101,2
933,167,0
778,120,0
366,87,0
809,450,2
101,441,2
679,167,0
223,167,0
902,233,3
724,410,2
352,110,16
450,190,18
52,193,0
369,84,0
627,117,0
807,450,2
760,302,1
967,87,0
45,194,0
762,193,2
82,120,0
591,349,6
657,284,1
570,119,0
140,205,0
271,90,0
375,117,0
196,121,0
83,194,2
16,197,0
835,114,26
9,94,0
493,194,0
715,193,0
585,83,2
429,276,11
157,328,2
567,101,0
455,194,9
630,170,0
117,101,1
105,193,2
505,120,0
548,368,2
214,327,1
878,120,0
515,451,2
387,461,2
806,297,7
680,167,0
103,200,9
373,199,1
587,168,0
441,235,3
111,161,3
658,197,0
674,149,0
163,322,1
12,87,0
788,120,0
34,87,0
172,145,0
628,167,0
916,149,2
264,88,0
507,140,2
594,466,2
410,141,2
925,137,0
880,143,0
783,110,0
567,101,0
163,322,1
193,164,0
103,200,7
326,397,1
676,101,0
921,101,0
916,149,1
706,140,0
214,327,1
517,191,0
945,199,0
762,193,1
588,193,0
105,193,0
892,308,1
933,167,0
22,193,0
311,114,13
548,461,1
442,211,1
307,140,0
925,137,0
777,199,0
455,194,8
674,149,0
779,329,1
86,124,0
510,475,1
211,164,0
158,197,1
657,284,1
140,205,0
196,121,0
760,302,1
585,86,1
45,194,0
752,445,1
429,276,9
9,94,0
591,349,5
809,450,1
902,233,1
628,167,0
157,410,1
475,117,0
230,202,0
317,225,1
587,168,0
960,451,1
878,120,0
778,120,0
410,141,1
603,397,1
12,87,0
117,101,0
880,143,0
715,193,0
256,86,0
557,124,0
441,235,1
679,167,0
224,193,1
594,466,1
172,145,0
283,127,1
387,461,1
867,164,0
783,110,0
969,93,0
101,441,1
891,136,4
52,193,0
417,197,0
788,120,0
835,114,25
111,161,2
967,87,0
807,450,1
680,167,0
658,197,0
505,120,0
660,191,0
581,165,0
917,448,1
146,235,0
271,90,0
630,170,0
375,117,0
218,325,1
366,87,0
806,297,4
821,121,0
223,167,0
460,92,0
34,87,0
627,117,0
83,194,0
750,125,7
269,168,0
450,190,16
507,140,1
482,89,0
10,168,0
745,121,0
264,88,0
352,110,15
493,194,0
743,191,0
373,199,0
303,235,0
85,174,0
570,119,0
82,120,0
16,197,0
724,410,1
369,84,0
234,193,0
515,451,1
604,143,0
971,197,0
85,174,0
567,101,0
375,117,0
410,141,0
317,225,0
783,110,0
214,327,0
548,461,0
628,167,0
752,445,0
224,193,0
515,451,0
788,120,0
581,165,0
679,167,0
34,87,0
264,88,0
442,227,0
505,120,0
570,119,0
211,164,0
271,90,0
105,193,0
101,441,0
660,191,0
52,193,0
517,212,0
441,235,0
223,167,0
925,137,0
283,127,0
627,117,0
172,145,0
745,121,0
706,140,0
303,235,0
603,397,0
557,124,0
969,93,0
163,322,0
311,114,12
902,233,0
9,94,0
762,193,0
892,308,0
945,199,0
86,124,0
806,297,1
971,197,0
821,121,0
658,197,0
117,101,0
585,86,0
16,197,0
880,143,0
680,167,0
230,202,0
916,149,0
493,194,0
352,110,14
715,193,0
510,475,0
103,200,5
657,284,0
779,329,0
878,120,0
743,191,0
234,193,0
450,190,14
676,101,0
111,161,2
196,121,0
835,114,24
146,235,0
778,120,0
777,199,0
475,117,0
157,410,0
366,87,0
83,194,0
45,194,0
724,410,0
809,450,0
921,101,0
369,84,0
373,199,0
867,164,0
82,120,0
12,87,0
594,466,0
750,125,7
218,325,0
326,397,0
482,89,0
587,168,0
960,451,0
967,87,0
591,349,4
933,167,0
891,136,3
387,461,0
674,149,0
460,92,0
429,276,7
807,450,0
22,193,0
760,302,0
256,86,0
10,168,0
917,448,0
140,205,0
507,140,0
307,140,0
455,194,8
269,168,0
588,193,0
630,170,0
158,197,0
417,197,0
193,164,0
604,143,0
