,hotel_id,price,stock
0,618,81,112
1,847,83,114
2,427,130,192
3,20,61,56
4,619,106,112
5,791,82,113
6,454,84,113
7,915,56,56
8,721,59,111
9,789,56,56
10,398,56,56
11,439,80,110
12,135,178,278
13,964,109,140
14,277,176,281
15,233,110,138
16,800,80,56
17,39,81,112
18,633,109,140
19,873,186,283
20,261,82,112
21,444,79,112
22,936,109,138
23,313,59,55
24,276,60,56
25,265,180,280
26,495,188,279
27,102,181,278
28,378,109,138
29,154,182,278
30,322,78,56
31,246,185,282
32,414,56,111
33,575,79,111
34,285,78,55
35,93,178,280
36,939,125,192
37,418,110,140
38,888,176,279
39,828,108,57
40,901,184,276
41,186,110,140
42,845,178,281
43,31,81,111
44,561,59,56
45,483,81,55
46,241,108,140
47,966,59,56
48,2,79,194
49,333,78,111
50,609,128,196
51,733,83,112
52,527,108,139
53,673,126,193
54,836,129,195
55,312,81,139
56,525,79,113
57,860,108,140
58,909,57,56
59,384,132,195
60,997,107,139
61,870,61,56
62,174,128,197
63,370,58,56
64,615,80,110
65,499,126,195
66,689,76,112
67,737,131,196
68,97,181,283
69,717,185,275
70,886,83,111
71,284,109,141
72,67,188,281
73,780,178,280
74,904,83,111
75,388,108,139
76,205,76,57
77,857,81,112
78,798,181,280
79,729,184,279
80,500,58,138
81,458,61,113
82,7,81,56
83,185,108,140
84,126,78,112
85,982,130,198
86,351,77,57
87,164,107,142
88,697,109,138
89,310,56,138
90,252,130,195
91,149,131,194
92,147,128,196
93,538,106,113
94,108,82,56
95,478,82,112
96,710,83,111
97,75,82,112
98,822,129,195
99,175,81,112
100,54,77,140
101,747,130,195
102,138,59,56
103,413,177,282
104,411,80,56
105,297,180,280
106,120,111,138
107,79,84,112
108,468,57,56
109,131,131,196
110,606,177,278
111,600,55,56
112,941,58,56
113,768,188,278
114,235,110,140
115,127,60,112
116,258,129,195
117,393,109,140
0,175,81,103
1,322,81,53
2,936,114,131
3,164,107,134
4,126,78,105
5,780,188,265
6,857,84,105
7,710,87,105
8,120,116,128
9,941,59,53
10,233,115,130
11,252,136,184
12,873,186,269
13,418,115,132
14,870,64,53
15,478,82,105
16,860,108,130
17,525,79,106
18,127,61,105
19,495,196,263
20,500,61,129
21,310,58,130
22,729,192,265
23,458,61,106
24,618,81,104
25,789,58,53
26,717,193,261
27,468,58,52
28,828,108,54
29,54,78,132
30,154,191,264
31,737,137,186
32,609,134,186
33,147,128,180
34,966,59,52
35,600,57,53
36,733,87,106
37,697,114,130
38,527,113,132
39,721,62,105
40,673,133,182
41,235,110,128
42,427,136,181
43,561,62,53
44,393,114,132
45,313,62,51
46,31,84,106
47,388,113,132
48,768,196,262
49,633,114,132
50,414,58,106
51,39,81,105
52,444,82,107
53,285,81,53
54,615,83,103
55,398,58,52
56,246,185,267
57,606,187,263
58,138,62,53
59,619,109,107
60,904,87,104
61,886,87,104
62,186,113,132
63,97,181,262
64,836,135,186
65,108,84,53
66,483,85,52
67,538,109,107
68,7,83,53
69,258,135,186
70,131,137,186
71,909,59,52
72,939,132,178
73,847,83,108
74,798,190,265
75,185,113,132
76,102,190,263
77,454,84,108
78,261,86,107
79,378,112,128
80,277,177,259
81,384,138,184
82,20,64,53
83,284,109,132
84,297,189,265
85,982,130,188
86,370,59,52
87,2,82,185
88,79,84,104
89,351,77,54
90,265,189,264
91,888,186,264
92,575,82,106
93,135,188,264
94,791,82,107
95,800,84,52
96,75,82,105
97,93,188,264
98,915,57,52
99,333,81,105
100,845,179,262
101,312,85,133
102,964,114,132
103,149,137,182
104,499,133,185
105,997,112,130
106,411,82,52
107,901,192,263
108,439,83,104
109,174,128,186
110,413,178,262
111,689,77,105
112,67,188,265
113,822,135,186
114,276,61,53
115,241,111,132
116,747,136,185
117,205,76,54
0,888,192,248
1,609,138,176
2,615,85,95
3,414,60,100
4,800,87,49
5,729,198,250
6,384,142,174
7,393,118,125
8,154,197,250
9,2,85,176
10,737,141,176
11,135,194,248
12,175,86,97
13,147,138,169
14,126,81,98
15,780,194,252
16,277,192,243
17,618,86,98
18,982,134,176
19,600,59,51
20,388,117,124
21,791,84,101
22,909,61,49
23,97,196,246
24,67,194,251
25,904,90,98
26,31,86,100
27,633,118,124
28,798,196,252
29,525,81,98
30,241,115,123
31,439,85,98
32,939,142,168
33,108,87,51
34,413,193,250
35,561,64,50
36,79,91,100
37,717,199,246
38,689,82,99
39,836,139,175
40,138,64,51
41,284,113,121
42,845,185,244
43,93,194,247
44,131,141,175
45,411,87,49
46,721,64,99
47,20,66,50
48,164,111,126
49,297,195,247
50,575,85,100
51,483,88,49
52,333,83,99
53,276,63,50
54,828,112,52
55,310,60,123
56,822,139,176
57,285,84,50
58,495,203,244
59,873,192,256
60,174,132,174
61,370,62,49
62,398,61,50
63,7,86,50
64,936,118,124
65,427,140,168
66,235,119,121
67,75,84,98
68,127,65,98
69,149,141,169
70,468,61,49
71,322,84,51
72,185,117,126
73,120,120,120
74,997,116,122
75,538,113,101
76,941,61,50
77,444,84,102
78,733,90,100
79,102,196,248
80,747,140,174
81,847,85,103
82,233,119,121
83,418,119,123
84,673,137,171
85,870,66,50
86,458,63,99
87,186,117,126
88,710,90,99
89,246,191,251
90,901,198,250
91,261,89,103
92,966,61,49
93,857,86,99
94,252,140,174
95,205,79,51
96,478,84,97
97,606,193,248
98,500,64,121
99,789,60,50
100,860,117,122
101,54,81,124
102,527,117,124
103,915,60,50
104,351,80,51
105,265,195,248
106,378,118,120
107,454,86,101
108,499,137,175
109,312,88,126
110,258,139,178
111,313,65,48
112,619,113,101
113,964,118,124
114,768,203,246
115,886,90,97
116,697,118,123
117,39,83,98
0,941,62,47
1,499,139,164
2,79,92,96
3,619,114,96
4,495,205,225
5,54,82,118
6,439,87,92
7,454,88,95
8,747,142,164
9,388,119,116
10,310,61,116
11,888,195,233
12,261,90,99
13,297,198,229
14,966,62,45
15,860,119,115
16,154,200,234
17,964,120,115
18,135,197,232
19,186,119,120
20,333,85,94
21,149,143,157
22,246,194,236
23,525,86,92
24,689,83,93
25,131,143,164
26,561,65,48
27,276,64,47
28,284,120,113
29,444,86,98
30,235,121,114
31,147,140,157
32,127,66,92
33,500,65,112
34,205,80,48
35,164,112,117
36,2,86,169
37,398,62,47
38,633,120,118
39,828,113,49
40,982,136,165
41,252,142,163
42,138,65,49
43,527,119,118
44,458,64,93
45,939,144,160
46,710,91,92
47,798,199,238
48,936,120,119
49,606,196,231
50,93,197,228
51,904,91,92
52,729,201,233
53,721,65,93
54,108,88,48
55,791,86,95
56,20,67,48
57,737,143,166
58,615,87,88
59,468,64,47
60,7,87,47
61,233,121,114
62,313,66,45
63,822,141,166
64,857,88,93
65,393,120,118
66,241,119,115
67,427,149,160
68,384,144,164
69,845,187,227
70,997,118,112
71,185,119,119
72,618,88,92
73,411,88,46
74,322,85,49
75,673,139,159
76,886,91,90
77,174,134,164
78,414,61,95
79,258,141,169
80,780,197,241
81,600,60,48
82,97,199,230
83,277,195,226
84,609,140,167
85,575,86,93
86,873,195,242
87,733,91,94
88,126,82,92
89,285,85,48
90,800,88,46
91,67,197,239
92,75,86,90
93,102,199,233
94,768,205,230
95,418,121,114
96,789,61,47
97,870,67,47
98,915,62,47
99,413,196,239
100,538,114,94
101,697,120,116
102,378,120,112
103,483,89,46
104,478,86,91
105,901,201,236
106,120,122,112
107,909,62,46
108,847,87,98
109,175,88,90
110,717,202,231
111,836,141,166
112,31,88,95
113,265,198,232
114,370,63,47
115,312,89,119
116,351,81,48
117,39,85,90
0,870,68,45
1,780,197,228
2,633,120,112
3,413,196,230
4,710,91,86
5,67,197,224
6,495,206,206
7,252,142,151
8,717,202,213
9,205,81,46
10,444,86,93
11,54,84,112
12,561,65,46
13,127,66,84
14,500,68,107
15,860,119,107
16,393,120,111
17,857,88,87
18,847,87,94
19,131,144,155
20,241,119,108
21,964,120,106
22,174,134,155
23,297,207,216
24,276,66,44
25,737,144,155
26,398,62,44
27,186,119,114
28,575,90,88
29,75,86,83
30,845,197,215
31,733,91,89
32,525,86,86
33,312,89,112
34,154,200,215
35,458,64,87
36,102,199,219
37,901,201,221
38,93,197,214
39,886,95,84
40,175,88,83
41,258,141,160
42,904,91,84
43,277,203,214
44,538,114,88
45,138,65,47
46,673,146,150
47,246,194,223
48,828,113,47
49,499,139,153
50,468,64,44
51,609,140,158
52,729,211,221
53,418,126,107
54,261,90,95
55,873,195,227
56,31,88,90
57,836,141,157
58,97,199,214
59,333,85,88
60,411,90,44
61,619,117,92
62,936,120,112
63,615,87,81
64,39,85,82
65,285,85,45
66,747,142,155
67,135,197,217
68,126,82,87
69,527,119,111
70,427,149,153
71,689,85,88
72,378,120,103
73,79,92,91
74,798,199,224
75,697,120,109
76,454,88,89
77,822,141,156
78,185,119,112
79,284,120,104
80,351,81,46
81,909,65,43
82,235,121,106
83,384,145,154
84,265,198,219
85,2,86,160
86,768,206,217
87,600,61,46
88,939,145,154
89,618,88,87
90,20,68,46
91,789,61,44
92,791,86,89
93,370,63,45
94,388,124,110
95,941,62,44
96,149,150,148
97,313,66,41
98,147,147,149
99,997,123,104
100,721,65,87
101,915,62,45
102,120,122,104
103,606,196,214
104,478,86,84
105,233,121,105
106,888,195,218
107,322,85,47
108,414,63,90
109,982,136,154
0,609,140,150
1,915,62,43
2,241,119,100
3,411,90,41
4,873,195,212
5,737,144,144
6,499,139,142
7,780,197,216
8,847,87,91
9,747,142,148
10,413,196,222
11,798,199,210
12,619,117,88
13,717,212,199
14,689,85,84
15,886,95,78
16,468,65,42
17,478,90,79
18,351,81,44
19,525,86,80
20,527,119,106
21,370,63,43
22,495,215,194
23,857,88,82
24,120,122,96
25,729,211,208
26,147,147,140
27,258,141,152
28,378,125,98
29,175,92,78
30,427,149,145
31,174,134,146
32,860,119,100
33,458,64,81
34,615,91,77
35,20,68,43
36,710,95,81
37,2,88,151
38,384,145,142
39,313,70,38
40,277,203,202
41,901,201,205
42,126,82,82
43,138,65,44
44,904,95,79
45,154,210,202
46,444,86,89
47,845,197,203
48,39,88,78
49,888,195,204
50,233,126,98
51,97,199,198
52,186,119,108
53,235,121,100
54,836,141,149
55,312,89,103
56,414,63,85
57,252,149,142
58,828,113,45
59,822,141,146
60,697,120,101
61,265,198,205
62,93,197,199
63,600,61,44
64,633,120,106
65,185,119,104
66,870,70,43
67,54,84,106
68,205,81,43
69,982,136,145
70,791,86,84
71,246,194,211
72,733,91,84
73,939,145,149
74,393,120,104
75,454,88,84
76,618,88,81
77,964,125,100
78,673,146,141
79,398,65,41
80,131,144,147
81,606,205,204
82,418,126,101
83,75,90,78
84,721,66,82
85,79,92,86
86,936,120,106
87,297,207,202
88,31,88,85
89,127,69,80
90,276,66,41
91,67,197,210
92,333,85,83
93,561,65,44
94,322,85,45
95,500,68,102
96,941,62,41
97,909,66,40
98,284,125,98
99,261,90,90
100,997,123,98
101,102,199,203
102,135,197,201
103,575,90,84
104,768,206,205
105,789,61,40
106,388,127,104
107,149,150,138
108,538,114,83
109,285,87,42
0,618,88,74
1,982,136,136
2,252,149,132
3,615,91,73
4,780,197,202
5,265,198,191
6,458,64,75
7,870,70,41
8,20,68,41
9,721,67,77
10,276,66,37
11,822,141,136
12,606,205,195
13,478,90,73
14,444,86,85
15,495,215,181
16,388,127,98
17,454,88,80
18,789,64,38
19,828,113,43
20,619,117,83
21,689,85,80
22,468,65,39
23,633,120,100
24,235,121,94
25,313,71,36
26,246,194,200
27,909,69,38
28,97,208,187
29,411,90,39
30,39,88,72
31,261,90,86
32,54,84,101
33,873,195,195
34,609,140,144
35,205,81,41
36,500,68,98
37,398,65,39
38,2,88,143
39,901,211,193
40,845,197,188
41,378,125,92
42,312,93,98
43,102,208,192
44,413,196,214
45,75,90,72
46,322,85,43
47,538,117,79
48,936,120,99
49,351,81,42
50,997,123,92
51,185,119,96
52,729,211,196
53,904,95,74
54,174,134,139
55,233,126,91
56,414,64,80
57,673,146,131
58,277,203,190
59,138,65,42
60,939,145,144
61,527,119,100
62,886,99,75
63,127,69,74
64,737,150,134
65,888,195,190
66,393,120,98
67,126,82,76
68,149,150,126
69,135,206,191
70,525,86,75
71,418,126,94
72,384,151,134
73,147,147,131
74,427,149,137
75,31,88,80
76,120,122,90
77,333,85,78
78,575,90,80
79,297,207,186
80,258,141,144
81,284,125,92
82,964,125,93
83,733,91,80
84,941,65,38
85,857,88,77
86,131,144,138
87,93,197,181
88,186,119,102
89,79,92,82
90,710,95,76
91,747,142,140
92,499,146,132
93,561,65,42
94,697,120,94
95,175,92,73
96,67,197,198
97,791,86,78
98,860,119,92
99,154,210,190
100,600,61,42
101,285,89,40
102,241,119,92
103,768,206,192
104,798,199,196
105,836,141,141
106,717,212,185
107,847,87,88
0,721,67,72
1,233,126,85
2,277,203,180
3,284,125,86
4,378,125,86
5,845,197,174
6,982,136,125
7,997,123,86
8,904,95,68
9,131,144,129
10,120,122,83
11,575,90,77
12,258,141,136
13,798,199,181
14,285,89,38
15,454,88,76
16,252,155,124
17,697,120,86
18,780,197,189
19,886,99,71
20,174,134,132
21,689,85,76
22,93,206,168
23,175,92,68
24,768,206,179
25,398,65,37
26,393,120,90
27,20,68,40
28,789,64,36
29,791,86,72
30,384,151,125
31,322,85,42
32,333,85,72
33,609,140,139
34,54,84,96
35,312,93,92
36,733,91,75
37,847,87,85
38,297,216,175
39,901,211,180
40,31,88,76
41,458,67,70
42,39,88,67
43,939,145,138
44,235,121,89
45,135,206,181
46,127,70,69
47,186,119,97
48,873,203,183
49,149,156,117
50,418,126,88
51,427,149,131
52,561,65,41
53,600,61,39
54,619,117,78
55,2,88,134
56,499,146,122
57,615,91,70
58,67,197,188
59,75,90,67
60,538,117,75
61,828,113,40
62,729,211,185
63,154,210,178
64,964,125,86
65,147,147,121
66,633,120,94
67,246,194,189
68,606,205,186
69,909,69,35
70,527,119,94
71,478,90,67
72,265,198,180
73,941,65,36
74,97,208,178
75,351,81,40
76,468,65,37
77,414,64,76
78,673,146,120
79,411,90,37
80,138,65,40
81,870,70,39
82,936,120,92
83,860,119,84
84,710,95,71
85,79,92,77
86,618,92,70
87,737,150,125
88,444,86,82
89,388,127,92
90,747,142,133
91,276,69,34
92,126,82,71
93,185,124,88
94,313,71,33
95,495,215,166
96,836,141,134
97,261,90,81
98,822,141,127
99,717,212,167
100,241,124,86
101,205,81,38
102,413,196,206
103,888,195,177
104,525,86,70
105,857,88,72
106,500,68,94
107,102,208,182
0,261,90,76
1,936,120,82
2,561,65,39
3,538,117,72
4,418,126,82
5,186,119,92
6,478,93,63
7,721,69,67
8,252,155,117
9,500,68,91
10,997,123,80
11,351,81,38
12,600,61,37
13,798,199,166
14,398,65,35
15,737,150,117
16,836,141,125
17,454,88,72
18,20,68,38
19,886,99,66
20,67,197,178
21,468,66,35
22,822,141,117
23,618,92,65
24,393,125,84
25,131,144,119
26,673,152,113
27,384,151,118
28,205,83,36
29,733,91,71
30,499,146,115
31,941,65,34
32,458,67,66
33,780,197,177
34,939,145,133
35,313,71,31
36,388,127,86
37,147,147,111
38,235,121,84
39,97,208,170
40,378,125,79
41,39,88,61
42,174,134,125
43,633,120,90
44,427,149,125
45,79,92,72
46,297,216,163
47,525,86,65
48,710,95,64
49,527,119,87
50,857,88,67
51,312,93,86
52,747,142,127
53,575,90,74
54,964,125,78
55,619,117,73
56,901,211,169
57,246,194,178
58,333,85,66
59,768,206,167
60,276,71,31
61,258,141,128
62,873,203,172
63,2,88,126
64,791,90,67
65,75,90,62
66,717,221,156
67,127,71,64
68,149,156,106
69,411,90,34
70,413,196,199
71,689,85,72
72,126,82,67
73,904,95,63
74,54,84,92
75,909,69,33
76,284,125,80
77,789,64,33
78,860,119,77
79,175,92,64
80,285,89,36
81,120,122,77
82,615,91,66
83,31,88,72
84,93,206,155
85,888,195,165
86,606,205,177
87,495,225,154
88,277,203,173
89,729,211,173
90,241,124,80
91,845,197,159
92,322,85,41
93,828,113,37
94,870,70,37
95,102,208,173
96,414,64,71
97,609,140,133
98,154,210,165
99,135,206,169
100,185,124,80
101,265,198,169
102,847,87,82
103,233,126,78
104,444,86,79
105,982,136,115
106,138,65,37
107,697,120,78
0,411,90,32
1,791,90,62
2,398,65,33
3,888,195,152
4,845,197,147
5,135,206,155
6,789,64,31
7,127,71,59
8,468,66,33
9,860,119,70
10,525,86,60
11,175,92,60
12,131,144,110
13,185,130,74
14,297,225,154
15,886,99,62
16,393,125,78
17,333,85,60
18,575,90,71
19,729,211,161
20,235,121,78
21,982,142,109
22,20,68,36
23,836,141,118
24,378,129,72
25,733,91,66
26,561,65,37
27,499,146,107
28,39,92,56
29,313,71,28
30,138,66,35
31,717,221,146
32,79,92,67
33,276,72,29
34,618,92,60
35,102,208,165
36,619,120,69
37,901,211,158
38,67,197,169
39,941,65,31
40,285,89,34
41,904,95,57
42,54,84,86
43,233,126,70
44,909,69,31
45,870,70,34
46,120,122,70
47,427,149,118
48,147,153,104
49,149,163,99
50,241,124,75
51,768,206,153
52,936,125,77
53,997,123,74
54,964,131,74
55,847,87,79
56,31,88,67
57,126,82,63
58,721,69,63
59,388,130,80
60,174,134,118
61,75,93,58
62,609,140,128
63,413,196,192
64,258,141,120
65,747,142,122
66,205,83,34
67,798,199,150
68,154,210,152
69,252,155,110
70,673,152,104
71,246,194,166
72,97,208,161
73,265,198,157
74,873,203,163
75,710,99,60
76,538,117,68
77,633,120,86
78,444,86,77
79,454,88,68
80,737,150,110
81,2,88,118
82,418,126,75
83,697,120,72
84,600,61,36
85,186,119,88
86,351,81,36
87,284,125,74
88,312,93,80
89,93,214,145
90,615,91,63
91,780,197,165
92,261,90,71
93,527,119,80
94,495,235,146
95,822,148,109
96,478,93,59
97,828,113,35
98,414,64,66
99,384,151,111
100,939,145,128
101,857,88,61
102,277,203,166
103,322,85,39
104,458,67,62
105,606,205,169
106,500,68,88
107,689,85,69
0,54,84,82
1,527,119,74
2,444,86,74
3,538,117,65
4,79,92,62
5,737,150,103
6,828,113,32
7,575,90,68
8,312,93,74
9,454,88,65
10,313,71,25
11,525,86,56
12,733,91,62
13,235,121,72
14,398,65,31
15,126,82,59
16,378,131,66
17,500,68,85
18,673,159,97
19,468,66,31
20,619,120,64
21,384,151,105
22,252,155,104
23,127,71,53
24,747,142,117
25,689,85,66
26,600,61,34
27,285,89,32
28,717,221,135
29,822,148,102
30,789,64,29
31,499,146,99
32,615,91,60
33,258,141,112
34,284,125,69
35,606,205,160
36,870,70,32
37,147,153,96
38,351,81,34
39,135,214,145
40,413,196,184
41,333,85,55
42,780,197,154
43,964,131,69
44,241,124,70
45,185,130,70
46,93,214,134
47,710,99,56
48,186,119,82
49,233,133,66
50,909,69,29
51,836,141,109
52,697,125,66
53,939,145,122
54,888,203,143
55,411,91,29
56,982,142,104
57,458,67,58
58,138,66,33
59,495,235,138
60,561,65,36
61,791,90,57
62,427,149,113
63,175,92,56
64,873,203,153
65,847,87,76
66,845,197,135
67,2,88,109
68,886,99,58
69,633,120,82
70,941,65,29
71,154,218,143
72,120,129,66
73,31,88,62
74,205,83,31
75,322,85,38
76,149,163,92
77,901,211,148
78,277,203,159
79,393,125,72
80,261,90,66
81,297,225,146
82,997,123,66
83,857,92,58
84,131,150,104
85,39,92,51
86,768,215,142
87,860,124,64
88,388,130,75
89,75,93,54
90,798,208,140
91,418,133,70
92,67,197,160
93,936,125,71
94,246,194,156
95,414,64,60
96,276,72,26
97,729,211,148
98,618,96,56
99,609,140,124
100,102,208,157
101,20,68,34
102,97,208,152
103,174,134,113
104,478,93,54
105,721,69,60
106,265,198,143
107,904,99,54
0,312,93,67
1,246,194,146
2,747,142,111
3,439,91,52
4,710,99,51
5,147,153,88
6,525,86,50
7,845,197,124
8,310,64,74
9,733,91,59
10,126,82,54
11,265,207,131
12,414,67,57
13,499,146,91
14,185,130,64
15,500,68,82
16,186,119,78
17,277,203,151
18,276,72,24
19,164,123,64
20,618,96,52
21,697,125,61
22,411,91,26
23,388,130,69
24,454,88,61
25,468,66,28
26,413,196,176
27,936,125,64
28,495,235,130
29,31,88,58
30,939,145,116
31,258,141,104
32,149,163,83
33,393,125,66
34,600,61,33
35,252,155,98
36,857,92,54
37,717,221,125
38,7,91,30
39,235,121,67
40,561,65,34
41,322,85,37
42,860,124,59
43,427,149,107
44,351,81,32
45,285,89,30
46,673,159,91
47,789,64,26
48,615,91,56
49,941,65,27
50,75,93,49
51,527,119,68
52,836,141,102
53,619,120,60
54,780,197,142
55,418,133,64
56,478,93,50
57,828,119,30
58,241,124,64
59,800,93,31
60,54,84,78
61,768,215,131
62,2,88,103
63,791,90,53
64,798,208,129
65,964,131,64
66,313,71,23
67,135,214,134
68,609,140,119
69,870,70,29
70,966,65,29
71,20,68,33
72,633,120,78
73,333,89,51
74,822,148,94
75,847,87,72
76,205,83,29
77,97,208,143
78,384,151,99
79,154,218,134
80,79,92,58
81,284,125,64
82,575,90,66
83,721,69,56
84,174,134,107
85,444,86,72
86,901,211,138
87,138,66,30
88,297,225,137
89,175,92,53
90,909,69,27
91,127,71,48
92,93,214,124
93,120,129,62
94,729,220,139
95,904,99,51
96,873,203,143
97,261,90,62
98,108,90,31
99,233,133,61
100,997,129,62
101,982,142,97
102,737,150,97
103,131,150,98
104,458,67,54
105,606,205,151
106,102,208,150
107,538,117,62
108,483,97,26
109,689,85,62
110,39,96,47
111,398,65,29
112,886,99,54
113,888,203,134
114,67,197,152
115,378,131,60
0,936,131,60
1,284,125,58
2,297,225,127
3,873,203,133
4,312,97,62
5,261,90,58
6,939,145,111
7,909,69,25
8,131,150,92
9,2,88,97
10,154,218,124
11,538,117,59
12,67,197,144
13,120,129,58
14,729,220,129
15,31,88,53
16,20,68,31
17,822,148,88
18,619,120,56
19,414,67,54
20,478,93,46
21,845,206,116
22,847,87,70
23,468,66,26
24,780,197,130
25,454,88,58
26,277,203,143
27,235,121,61
28,186,119,74
29,102,208,143
30,828,119,28
31,351,81,30
32,561,65,32
33,313,71,21
34,322,85,35
35,388,130,64
36,901,211,127
37,246,194,135
38,147,153,81
39,149,170,78
40,164,123,60
41,108,90,29
42,717,221,116
43,276,72,22
44,39,96,42
45,310,64,70
46,174,134,102
47,233,133,56
48,997,129,56
49,411,96,24
50,857,92,51
51,609,140,114
52,75,97,46
53,458,67,50
54,888,203,124
55,697,125,56
56,737,150,91
57,689,85,57
58,870,71,28
59,606,205,142
60,575,90,63
61,252,155,92
62,499,146,83
63,384,151,94
64,7,91,28
65,886,99,50
66,126,82,50
67,265,207,119
68,941,68,25
69,733,91,56
70,982,142,90
71,791,90,48
72,333,89,47
73,285,89,28
74,966,65,28
75,398,65,27
76,127,71,42
77,413,196,168
78,258,141,96
79,721,69,52
80,418,138,60
81,97,208,133
82,483,97,23
83,527,124,64
84,800,93,29
85,789,64,24
86,135,214,121
87,54,84,73
88,439,95,48
89,860,124,52
90,747,142,104
91,138,67,28
92,904,99,47
93,768,215,121
94,378,131,54
95,673,159,85
96,525,90,47
97,615,91,53
98,495,235,122
99,500,68,78
100,964,131,61
101,185,130,59
102,205,83,27
103,393,125,60
104,836,141,93
105,798,208,120
106,241,127,58
107,444,86,70
108,618,96,48
109,600,61,31
110,427,149,101
111,710,103,47
112,633,120,73
113,93,214,113
114,175,92,48
115,79,92,54
0,102,208,136
1,2,88,90
2,258,141,88
3,135,224,114
4,673,159,78
5,525,90,44
6,97,208,124
7,710,103,43
8,147,153,74
9,847,87,67
10,483,97,20
11,186,119,70
12,780,197,118
13,285,89,27
14,322,85,34
15,235,121,54
16,277,203,136
17,120,129,54
18,966,65,27
19,75,97,42
20,233,133,52
21,600,61,29
22,411,96,22
23,131,150,86
24,618,96,43
25,458,67,45
26,174,134,95
27,997,129,51
28,246,194,122
29,205,83,24
30,454,88,56
31,836,141,87
32,717,221,107
33,800,93,28
34,378,131,47
35,126,82,45
36,936,131,56
37,108,90,27
38,418,138,56
39,93,224,104
40,414,67,50
41,393,131,56
42,828,119,27
43,79,92,50
44,729,220,120
45,398,65,26
46,561,65,31
47,7,91,26
48,888,203,113
49,619,120,51
50,67,197,135
51,500,68,75
52,697,131,52
53,941,68,23
54,737,150,85
55,615,91,50
56,964,131,57
57,606,205,134
58,798,208,112
59,886,99,46
60,860,130,48
61,439,95,44
62,845,206,108
63,20,68,29
64,31,88,49
65,478,93,42
66,297,225,116
67,789,64,21
68,689,85,52
69,982,142,84
70,870,71,26
71,276,72,19
72,495,235,115
73,149,170,73
74,633,120,68
75,499,146,74
76,252,155,87
77,791,93,45
78,310,64,66
79,164,123,56
80,241,130,54
81,747,142,97
82,939,145,105
83,468,69,24
84,388,130,58
85,312,97,58
86,822,148,83
87,873,203,123
88,39,101,39
89,768,215,109
90,175,92,44
91,154,218,114
92,538,117,56
93,54,84,70
94,427,149,94
95,609,140,109
96,333,89,43
97,413,196,160
98,138,67,26
99,857,92,47
100,313,71,19
101,261,90,54
102,721,69,48
103,575,90,61
104,901,211,117
105,284,125,52
106,527,124,59
107,904,99,43
108,265,207,104
109,185,130,54
110,444,86,68
111,733,91,53
112,351,81,28
113,909,69,23
114,384,151,88
115,127,71,37
0,561,65,29
1,791,93,42
2,478,97,39
3,729,220,111
4,411,96,20
5,538,117,53
6,297,233,108
7,454,88,53
8,439,95,40
9,606,205,126
10,499,152,66
11,600,61,27
12,845,206,101
13,312,97,54
14,175,92,40
15,873,203,111
16,378,131,40
17,79,92,46
18,31,88,44
19,689,85,48
20,888,212,105
21,265,216,94
22,939,145,99
23,483,97,17
24,697,131,48
25,233,133,48
26,75,97,38
27,413,196,152
28,615,91,48
29,127,71,32
30,261,90,51
31,966,65,25
32,721,70,44
33,126,82,40
34,710,103,38
35,847,87,65
36,468,69,21
37,284,125,46
38,147,160,67
39,798,208,103
40,7,91,24
41,333,89,40
42,97,208,116
43,789,66,20
44,93,224,95
45,205,87,23
46,20,68,27
47,870,71,24
48,673,159,73
49,67,197,126
50,252,155,81
51,39,101,36
52,414,67,47
53,108,90,25
54,174,134,89
55,527,124,54
56,427,149,87
57,154,218,103
58,388,130,54
59,418,138,52
60,310,64,62
61,138,67,24
62,901,211,106
63,964,131,52
64,857,92,43
65,149,170,68
66,941,68,21
67,185,130,50
68,619,122,47
69,717,221,99
70,609,140,103
71,828,119,25
72,351,81,26
73,102,208,129
74,313,71,18
75,120,129,50
76,322,85,33
77,277,203,129
78,836,141,80
79,241,130,49
80,495,235,107
81,500,68,72
82,982,142,76
83,575,90,58
84,780,197,107
85,997,134,48
86,800,93,26
87,936,131,52
88,444,86,66
89,904,103,40
90,525,90,40
91,909,69,21
92,2,88,84
93,135,224,106
94,458,67,41
95,737,150,80
96,285,89,26
97,235,126,50
98,186,119,66
99,822,148,78
100,633,120,64
101,393,131,52
102,886,103,42
103,54,84,66
104,164,123,53
105,384,151,83
106,747,142,90
107,246,202,113
108,860,135,44
109,398,65,24
110,618,101,39
111,768,215,97
112,258,141,78
113,733,91,51
114,131,150,80
115,276,72,17
0,857,92,39
1,67,197,117
2,388,130,48
3,717,221,90
4,478,97,36
5,847,87,62
6,413,196,143
7,500,68,68
8,265,225,86
9,233,133,44
10,398,65,22
11,458,70,38
12,673,159,67
13,313,71,16
14,297,233,101
15,175,96,37
16,154,227,95
17,495,235,99
18,721,70,40
19,909,69,19
20,127,71,27
21,609,140,95
22,689,87,44
23,54,84,63
24,284,131,42
25,901,220,97
26,427,149,80
27,822,148,74
28,149,170,63
29,310,64,57
30,378,131,32
31,147,160,61
32,939,145,94
33,418,138,47
34,135,224,99
35,997,134,44
36,75,97,34
37,351,81,25
38,697,131,44
39,873,203,100
40,798,208,94
41,414,67,43
42,527,124,50
43,20,68,25
44,633,120,60
45,2,88,78
46,710,107,35
47,836,141,74
48,615,91,45
49,7,91,22
50,164,123,50
51,312,97,50
52,729,220,102
53,800,93,24
54,93,224,86
55,102,208,121
56,39,101,32
57,845,206,95
58,276,72,15
59,252,155,74
60,768,225,90
61,525,90,37
62,941,68,19
63,246,202,103
64,258,148,69
65,97,208,107
66,322,85,31
67,444,86,64
68,393,131,49
69,31,88,39
70,737,150,76
71,618,105,36
72,241,130,44
73,126,85,38
74,333,89,36
75,904,103,36
76,964,131,48
77,174,134,83
78,468,69,19
79,982,149,70
80,780,206,99
81,454,88,50
82,235,126,46
83,186,119,63
84,575,90,56
85,384,151,77
86,285,89,24
87,606,205,118
88,411,96,18
89,483,97,14
90,600,61,26
91,619,122,44
92,79,92,42
93,828,119,24
94,277,203,121
95,120,129,46
96,870,71,22
97,561,65,28
98,131,150,74
99,791,93,39
100,886,103,38
101,888,212,97
102,108,90,24
103,789,66,18
104,185,130,46
105,439,95,37
106,138,69,22
107,733,91,48
108,966,65,24
109,860,135,42
110,747,142,83
111,936,131,50
112,205,87,21
113,499,159,62
114,261,90,48
115,538,117,50
0,721,70,36
1,800,93,21
2,733,91,46
3,126,85,35
4,186,119,60
5,414,67,40
6,618,105,33
7,7,91,21
8,411,96,16
9,798,208,85
10,444,86,62
11,525,90,34
12,997,134,42
13,384,151,71
14,378,131,24
15,276,72,13
16,241,130,39
17,174,134,77
18,20,68,22
19,246,212,95
20,527,130,46
21,500,68,65
22,388,130,42
23,205,87,19
24,310,64,53
25,909,69,17
26,108,90,22
27,468,69,16
28,901,220,87
29,561,65,27
30,729,220,94
31,285,89,23
32,261,90,45
33,351,81,23
34,822,148,70
35,478,97,34
36,322,85,30
37,495,235,92
38,483,97,11
39,615,91,43
40,600,61,24
41,780,206,92
42,454,88,46
43,312,97,46
44,393,131,46
45,418,138,42
46,131,150,69
47,673,159,62
48,102,208,112
49,860,135,38
50,277,203,112
51,538,117,47
52,941,68,18
53,791,93,35
54,313,71,15
55,284,137,39
56,164,123,47
57,710,107,31
58,836,141,68
59,904,103,32
60,185,130,41
61,413,196,134
62,886,103,34
63,427,149,73
64,439,95,34
65,135,224,92
66,175,96,33
67,609,140,87
68,147,160,55
69,75,102,32
70,939,145,88
71,120,129,42
72,458,70,35
73,575,90,54
74,258,148,59
75,138,69,20
76,966,65,22
77,633,120,56
78,888,212,89
79,936,131,46
80,154,227,86
81,265,233,80
82,297,233,94
83,333,89,32
84,847,87,60
85,619,122,40
86,235,126,41
87,697,131,40
88,97,208,98
89,233,133,40
90,789,70,16
91,39,101,28
92,499,159,57
93,606,205,111
94,93,224,77
95,737,150,72
96,964,131,43
97,2,88,70
98,982,149,64
99,31,88,34
100,870,71,20
101,717,221,79
102,127,71,22
103,689,90,41
104,398,65,21
105,768,225,82
106,873,213,92
107,149,170,58
108,828,119,23
109,845,206,89
110,67,197,108
111,79,92,38
112,54,84,60
113,857,96,37
114,252,155,66
115,747,142,74
0,322,85,29
1,7,91,19
2,67,197,98
3,966,65,21
4,673,159,56
5,205,90,18
6,936,131,44
7,619,122,36
8,689,90,38
9,458,70,32
10,97,208,91
11,791,93,32
12,439,95,31
13,235,133,37
14,575,90,52
15,135,224,86
16,174,134,71
17,2,92,64
18,233,133,37
19,997,134,40
20,768,235,76
21,276,72,11
22,313,71,13
23,780,206,85
24,414,67,37
25,384,151,66
26,888,221,83
27,527,130,42
28,378,131,14
29,310,64,48
30,606,205,104
31,904,103,28
32,721,70,31
33,79,96,36
34,822,148,66
35,710,111,28
36,499,159,52
37,413,196,126
38,138,69,19
39,982,149,59
40,351,81,22
41,93,224,68
42,500,68,62
43,798,208,75
44,147,166,52
45,886,103,30
46,538,117,45
47,31,92,30
48,941,68,16
49,729,220,85
50,444,86,60
51,265,233,74
52,964,137,40
53,618,105,30
54,261,90,42
55,393,131,42
56,836,141,64
57,870,71,18
58,873,213,85
59,284,137,36
60,39,105,26
61,747,142,65
62,483,97,8
63,427,149,66
64,609,140,78
65,847,87,57
66,277,203,103
67,252,162,61
68,154,227,77
69,333,89,29
70,20,71,20
71,185,130,36
72,126,85,32
73,909,69,15
74,800,96,20
75,737,150,69
76,418,138,38
77,241,130,33
78,127,71,17
79,411,96,13
80,717,230,72
81,164,123,44
82,258,154,52
83,285,89,21
84,615,91,40
85,246,212,86
86,561,65,26
87,828,119,21
88,939,145,80
89,149,170,53
90,398,65,19
91,600,61,22
92,478,97,30
93,102,208,104
94,857,96,35
95,312,97,43
96,860,135,35
97,901,229,79
98,120,129,38
99,468,69,14
100,697,137,37
101,297,233,86
102,75,102,29
103,789,70,15
104,525,90,30
105,54,84,56
106,186,119,56
107,388,130,37
108,733,91,42
109,175,96,30
110,108,90,21
111,454,88,42
112,131,150,62
113,845,206,82
114,495,235,85
115,633,120,52
0,873,213,77
1,941,68,15
2,909,69,13
3,54,84,52
4,689,90,34
5,527,130,38
6,398,65,17
7,313,71,12
8,427,149,59
9,499,164,48
10,185,130,32
11,127,71,12
12,79,96,33
13,615,91,37
14,454,88,38
15,828,119,20
16,561,65,25
17,284,137,34
18,384,151,59
19,164,123,42
20,478,102,28
21,276,72,9
22,246,212,78
23,800,96,18
24,721,70,26
25,780,206,79
26,333,89,26
27,673,159,50
28,495,235,78
29,312,97,40
30,964,137,36
31,747,149,59
32,233,133,34
33,108,90,20
34,538,117,42
35,388,130,31
36,791,93,28
37,697,137,34
38,261,90,40
39,93,224,60
40,982,149,54
41,997,134,38
42,847,87,54
43,710,111,26
44,285,89,20
45,102,208,96
46,120,129,34
47,138,69,17
48,860,135,32
49,468,69,12
50,936,131,40
51,822,148,63
52,67,206,91
53,175,96,26
54,235,138,34
55,836,141,59
56,717,230,64
57,633,120,48
58,789,73,13
59,500,68,59
60,901,229,70
61,966,65,19
62,458,70,29
63,418,138,33
64,733,91,39
65,600,61,20
66,135,224,80
67,575,90,50
68,75,102,27
69,378,131,4
70,39,105,24
71,252,162,55
72,609,140,68
73,258,161,48
74,798,217,67
75,126,85,29
76,939,145,74
77,444,86,58
78,413,196,118
79,97,208,83
80,297,233,78
81,7,91,18
82,186,119,52
83,606,205,96
84,737,150,66
85,2,92,58
86,205,90,17
87,154,227,68
88,393,131,38
89,888,221,76
90,525,90,27
91,351,81,20
92,904,107,26
93,277,203,94
94,322,85,27
95,241,130,26
96,310,64,44
97,870,74,16
98,20,71,18
99,174,134,66
100,147,166,48
101,31,92,26
102,845,206,76
103,131,150,57
104,483,97,5
105,729,220,74
106,768,235,70
107,618,105,28
108,439,99,28
109,149,170,48
110,411,96,11
111,857,96,33
112,619,122,34
113,265,233,67
114,414,67,34
115,886,103,26
0,284,137,31
1,600,64,17
2,7,93,16
3,312,97,36
4,768,235,64
5,499,164,43
6,458,70,26
7,689,90,30
8,120,129,31
9,561,65,24
10,20,74,17
11,888,221,69
12,619,122,31
13,138,69,16
14,205,90,16
15,261,90,38
16,780,206,73
17,388,130,24
18,673,164,47
19,870,74,14
20,154,237,61
21,246,221,71
22,413,196,111
23,297,233,71
24,186,119,48
25,131,150,54
26,997,134,36
27,393,131,35
28,798,226,61
29,941,68,14
30,333,92,23
31,258,161,45
32,108,90,18
33,102,208,88
34,847,87,52
35,901,238,65
36,828,119,19
37,149,170,43
38,454,88,34
39,310,67,42
40,313,71,11
41,733,91,36
42,721,70,22
43,909,69,11
44,427,155,53
45,93,232,54
46,618,105,25
47,147,166,45
48,322,85,26
49,185,135,28
50,54,84,48
51,697,137,30
52,398,66,16
53,468,69,10
54,500,68,56
55,525,94,24
56,710,111,24
57,729,238,68
58,39,105,21
59,444,86,56
60,860,135,28
61,478,102,26
62,351,81,18
63,164,123,38
64,411,96,8
65,538,117,40
66,277,212,87
67,606,205,89
68,67,206,85
69,939,145,66
70,717,240,59
71,527,135,34
72,609,147,60
73,800,96,16
74,495,235,72
75,982,149,50
76,414,67,31
77,384,159,55
78,135,224,74
79,2,94,52
80,737,150,64
81,174,134,61
82,904,107,24
83,857,96,32
84,747,149,54
85,418,144,30
86,483,97,2
87,285,91,18
88,439,99,26
89,97,217,76
90,615,91,34
91,235,138,31
92,233,133,30
93,822,148,59
94,252,162,50
95,127,71,6
96,79,96,30
97,789,73,12
98,936,131,38
99,265,233,60
100,126,85,26
101,791,97,25
102,175,101,23
103,75,102,24
104,964,137,32
105,31,96,23
106,378,131,0
107,633,120,44
108,845,206,70
109,873,223,72
110,886,111,24
111,575,90,48
112,241,130,18
113,966,65,18
114,836,141,55
115,276,72,7
0,120,129,28
1,561,65,23
2,454,92,31
3,246,221,64
4,131,150,50
5,413,196,104
6,619,122,28
7,277,212,80
8,483,97,0
9,2,94,47
10,411,96,6
11,102,208,81
12,729,238,62
13,398,66,15
14,575,90,47
15,600,65,15
16,538,117,38
17,154,237,55
18,525,94,22
19,54,86,44
20,860,140,26
21,791,97,22
22,108,90,17
23,737,150,61
24,618,105,22
25,673,164,44
26,164,123,36
27,941,69,12
28,845,206,64
29,527,135,32
30,478,102,23
31,126,85,24
32,427,162,49
33,384,159,50
34,710,111,22
35,186,119,45
36,252,168,46
37,747,155,49
38,689,90,26
39,717,240,55
40,798,226,55
41,499,164,40
42,721,70,18
43,418,149,27
44,258,161,42
45,20,74,15
46,310,67,40
47,75,102,22
48,135,224,69
49,93,232,48
50,733,91,32
51,495,235,66
52,444,86,54
53,789,75,11
54,768,235,58
55,31,101,21
56,904,107,21
57,697,137,28
58,205,90,15
59,297,233,63
60,351,81,17
61,175,105,20
62,233,133,27
63,886,111,21
64,333,96,21
65,615,91,30
66,127,71,1
67,235,138,28
68,241,130,10
69,847,87,49
70,7,93,15
71,606,205,84
72,261,90,35
73,870,74,12
74,439,99,24
75,500,68,53
76,458,70,24
77,312,101,32
78,800,96,14
79,836,141,52
80,393,131,32
81,982,149,46
82,265,233,51
83,414,67,28
84,888,221,64
85,939,145,57
86,828,119,18
87,185,140,25
88,822,148,56
89,276,72,6
90,149,170,39
91,39,105,19
92,468,69,7
93,633,120,40
94,966,65,16
95,378,131,0
96,901,238,60
97,780,206,67
98,313,71,10
99,147,166,41
100,322,85,25
101,936,131,34
102,609,147,52
103,67,206,80
104,284,137,28
105,997,134,34
106,79,96,28
107,857,96,30
108,138,70,14
109,388,130,17
110,873,223,66
111,909,69,10
112,174,134,56
113,97,217,69
114,964,142,30
115,285,91,17
0,20,74,14
1,615,95,26
2,175,105,18
3,710,111,21
4,120,129,25
5,241,130,2
6,388,130,9
7,108,90,16
8,857,96,28
9,54,90,40
10,126,85,22
11,310,67,38
12,127,71,0
13,561,65,21
14,791,102,20
15,312,101,29
16,939,150,52
17,75,102,20
18,205,90,15
19,31,101,19
20,606,205,79
21,284,137,26
22,378,131,0
23,982,149,41
24,483,97,0
25,454,92,28
26,79,96,25
27,135,224,63
28,186,119,42
29,418,149,25
30,936,131,32
31,538,117,36
32,697,137,24
33,733,91,29
34,411,96,4
35,886,111,19
36,398,66,14
37,439,99,21
38,909,69,8
39,102,208,75
40,427,162,46
41,444,86,52
42,39,112,18
43,673,164,41
44,721,70,14
45,500,68,50
46,737,150,58
47,384,159,44
48,633,120,36
49,609,153,46
50,618,108,20
51,393,131,28
52,468,69,5
53,600,65,14
54,689,90,21
55,575,90,46
56,527,135,28
57,495,235,61
58,322,85,24
59,97,217,63
60,261,90,32
61,458,70,21
62,93,232,41
63,904,116,20
64,67,206,75
65,901,238,55
66,413,196,97
67,2,94,41
68,800,96,12
69,888,221,59
70,789,75,10
71,252,168,41
72,478,102,21
73,265,243,44
74,138,70,13
75,873,223,61
76,836,141,48
77,499,164,36
78,964,142,26
79,185,146,23
80,845,206,58
81,822,148,52
82,747,155,45
83,149,170,36
84,717,240,50
85,297,243,57
86,414,67,26
87,235,138,25
88,870,74,10
89,619,127,25
90,131,150,47
91,313,71,9
92,997,134,32
93,847,87,46
94,525,94,19
95,966,65,15
96,333,96,18
97,258,161,39
98,860,140,24
99,768,235,52
100,174,134,51
101,276,72,5
102,277,212,74
103,351,81,15
104,798,226,48
105,233,138,24
106,780,206,60
107,941,69,11
108,729,238,57
109,285,91,15
110,7,94,13
111,828,119,16
112,147,166,38
113,154,237,49
114,164,123,32
115,246,221,56
0,297,243,51
1,164,123,30
2,909,69,6
3,495,235,55
4,997,134,30
5,175,112,17
6,689,90,16
7,697,137,22
8,964,148,24
9,870,74,8
10,710,111,19
11,780,206,53
12,147,166,34
13,235,138,22
14,633,120,32
15,721,70,9
16,393,131,25
17,939,150,46
18,265,243,36
19,857,96,26
20,276,72,3
21,606,205,74
22,108,90,15
23,458,74,19
24,149,170,31
25,791,106,18
26,102,208,70
27,500,68,46
28,845,206,51
29,186,119,39
30,575,90,44
31,384,165,40
32,174,134,48
33,411,96,1
34,873,223,57
35,154,237,43
36,138,70,12
37,729,238,52
38,131,150,43
39,483,97,0
40,936,131,28
41,733,91,26
42,618,108,19
43,886,111,16
44,847,87,44
45,135,224,56
46,310,67,36
47,673,164,38
48,525,94,17
49,860,140,22
50,789,78,9
51,609,160,41
52,798,226,41
53,717,240,45
54,444,86,49
55,836,141,45
56,322,85,23
57,427,162,43
58,261,90,29
59,413,196,91
60,277,212,68
61,388,130,2
62,127,71,0
63,499,164,33
64,828,119,15
65,538,117,34
66,126,85,19
67,31,105,17
68,439,99,19
69,93,251,37
70,800,96,11
71,822,148,49
72,54,90,36
73,313,71,8
74,79,96,23
75,312,101,26
76,233,138,22
77,888,221,55
78,333,108,18
79,246,230,49
80,901,238,50
81,454,92,26
82,904,116,18
83,75,102,19
84,747,155,41
85,7,97,12
86,252,168,37
87,2,94,36
88,982,149,38
89,418,149,23
90,527,135,25
91,20,74,12
92,284,137,23
93,737,150,55
94,241,130,0
95,39,112,17
96,67,206,70
97,468,69,1
98,561,65,20
99,600,65,12
100,97,217,58
101,378,131,0
102,615,99,24
103,414,67,24
104,478,102,18
105,768,235,46
106,120,129,22
107,185,151,22
108,205,90,14
109,619,127,22
110,258,161,37
111,351,81,13
112,966,65,14
113,285,93,14
114,941,69,10
115,398,66,13
0,174,134,45
1,277,212,62
2,439,99,16
3,789,78,8
4,615,99,22
5,689,90,12
6,609,160,36
7,606,205,69
8,798,226,33
9,454,92,23
10,333,108,17
11,414,67,21
12,478,110,16
13,499,164,29
14,384,165,36
15,733,91,22
16,500,68,43
17,747,155,38
18,411,96,0
19,39,112,16
20,483,97,0
21,909,69,4
22,729,238,47
23,154,237,37
24,888,221,52
25,31,112,16
26,413,196,85
27,285,93,12
28,780,214,47
29,800,96,9
30,79,96,21
31,847,87,41
32,135,224,50
33,127,71,0
34,618,108,17
35,468,69,0
36,205,90,13
37,67,206,65
38,185,151,20
39,147,166,31
40,393,131,22
41,418,149,21
42,527,140,22
43,313,71,7
44,93,251,33
45,131,150,40
46,936,131,26
47,721,70,6
48,312,105,24
49,575,90,43
50,97,217,53
51,673,164,36
52,822,148,46
53,857,96,24
54,310,67,34
55,102,208,64
56,904,116,17
57,538,117,32
58,768,235,40
59,828,119,14
60,444,86,47
61,982,149,34
62,265,261,31
63,873,223,53
64,261,90,26
65,246,230,43
66,697,153,20
67,997,134,29
68,964,153,22
69,241,130,0
70,186,119,36
71,561,65,18
72,108,90,14
73,378,131,0
74,258,161,35
75,901,238,44
76,2,94,29
77,388,130,0
78,398,66,12
79,633,120,28
80,458,74,18
81,710,111,18
82,717,248,41
83,495,235,49
84,126,85,17
85,836,141,41
86,322,85,21
87,175,112,16
88,54,92,34
89,886,111,13
90,20,74,10
91,600,65,10
92,525,94,15
93,7,97,11
94,235,154,20
95,966,65,12
96,276,72,2
97,941,69,9
98,427,162,40
99,791,106,17
100,870,74,7
101,149,177,28
102,619,127,20
103,138,70,10
104,860,140,20
0,697,153,20
1,618,112,16
2,265,297,29
3,538,117,31
4,20,74,8
5,138,70,9
6,500,68,40
7,527,140,20
8,7,97,9
9,246,240,38
10,108,90,13
11,483,97,0
12,847,87,38
13,941,69,8
14,384,171,32
15,131,150,36
16,393,142,20
17,901,247,38
18,31,112,16
19,174,134,43
20,729,238,42
21,411,96,0
22,398,66,11
23,147,172,28
24,888,221,50
25,870,74,5
26,789,78,7
27,277,212,56
28,235,154,20
29,791,106,16
30,936,131,24
31,495,244,44
32,964,153,20
33,127,71,0
34,615,99,20
35,205,90,12
36,710,111,16
37,747,155,34
38,276,72,1
39,454,92,21
40,333,108,16
41,67,206,60
42,822,148,42
43,997,134,28
44,241,130,0
45,458,74,16
46,857,96,22
47,904,116,16
48,609,172,32
49,873,223,49
50,149,183,25
51,780,224,41
52,525,102,14
53,154,255,33
54,418,154,20
55,312,105,21
56,800,96,7
57,126,93,16
58,619,127,16
59,721,70,2
60,185,151,18
61,633,131,26
62,606,205,64
63,828,119,14
64,768,253,37
65,966,65,11
66,982,149,31
67,673,164,33
68,388,130,0
69,733,95,20
70,478,114,15
71,93,251,30
72,836,141,38
73,413,196,78
74,468,69,0
75,97,217,49
76,439,111,15
77,313,71,6
78,427,162,37
79,717,248,36
80,54,92,30
81,909,69,2
82,285,93,11
83,135,232,45
84,261,90,22
85,102,208,58
86,258,161,33
87,310,67,31
88,600,65,8
89,499,170,27
90,798,254,29
91,414,67,18
92,378,131,0
93,575,90,42
94,689,90,8
95,2,94,23
96,860,151,20
97,561,65,17
98,886,120,12
99,186,119,33
100,322,85,20
101,39,112,15
102,444,86,44
103,79,96,19
104,175,112,15
0,149,183,23
1,618,112,14
2,997,134,26
3,154,255,29
4,791,114,15
5,108,90,11
6,418,154,18
7,312,109,18
8,499,170,24
9,186,119,30
10,246,248,33
11,697,153,18
12,265,297,27
13,689,90,4
14,886,132,11
15,800,96,5
16,710,116,15
17,333,108,15
18,538,117,29
19,982,155,28
20,561,65,15
21,79,101,17
22,633,131,24
23,131,150,33
24,310,67,28
25,135,232,40
26,454,92,19
27,31,112,15
28,235,154,18
29,964,153,18
30,127,71,0
31,175,112,14
32,174,134,41
33,619,127,13
34,384,171,29
35,241,130,0
36,888,221,48
37,458,82,15
38,478,114,14
39,185,151,16
40,2,94,17
41,393,153,20
42,673,164,30
43,147,179,26
44,378,131,0
45,439,111,14
46,97,217,45
47,936,131,21
48,909,69,0
49,67,206,55
50,822,148,38
51,126,101,15
52,768,253,34
53,873,223,45
54,717,258,32
55,600,65,6
56,313,71,5
57,322,85,19
58,615,99,18
59,398,66,11
60,966,65,10
61,138,70,8
62,747,155,31
63,828,119,13
64,721,70,0
65,427,162,34
66,388,130,0
67,20,74,6
68,444,86,42
69,870,74,3
70,483,97,0
71,575,90,41
72,798,281,27
73,789,78,7
74,904,116,15
75,54,92,28
76,836,141,36
77,414,67,16
78,495,244,39
79,276,72,0
80,860,151,18
81,525,109,13
82,7,97,8
83,527,151,18
84,93,268,28
85,780,232,36
86,847,87,35
87,285,93,9
88,733,95,17
89,205,90,11
90,729,238,37
91,411,96,0
92,102,208,52
93,468,69,0
94,941,69,7
95,857,96,21
96,413,196,71
97,609,172,28
98,39,112,14
99,261,97,19
100,258,161,31
101,277,212,50
102,500,68,37
103,606,205,59
104,901,256,33
0,102,208,45
1,67,206,51
2,174,134,38
3,936,131,19
4,615,99,16
5,618,112,13
6,418,154,16
7,468,69,0
8,600,65,5
9,20,74,5
10,904,116,14
11,454,92,16
12,828,119,12
13,384,171,26
14,822,148,35
15,886,132,10
16,276,72,0
17,997,134,24
18,800,96,4
19,439,111,13
20,561,65,14
21,444,86,40
22,126,101,14
23,149,183,21
24,414,67,14
25,378,131,0
26,619,127,10
27,413,196,64
28,97,217,41
29,791,114,14
30,780,232,31
31,673,164,27
32,500,68,34
33,310,67,26
34,312,113,16
35,458,82,14
36,411,96,0
37,258,161,29
38,909,69,0
39,798,281,25
40,246,258,29
41,31,112,14
42,154,255,26
43,689,90,0
44,388,130,0
45,127,71,0
46,79,101,16
47,185,151,14
48,147,179,24
49,265,297,25
50,888,221,46
51,483,97,0
52,93,268,26
53,313,71,4
54,131,150,30
55,261,102,17
56,322,85,18
57,7,97,7
58,205,90,10
59,285,93,8
60,721,70,0
61,527,151,16
62,277,221,46
63,54,92,24
64,175,112,12
65,633,131,22
66,427,162,31
67,873,223,41
68,733,95,15
69,538,117,28
70,39,112,14
71,525,109,12
72,393,153,18
73,857,96,19
74,2,94,10
75,241,130,0
76,495,244,34
77,789,78,6
78,108,90,10
79,398,66,10
80,870,74,2
81,717,258,28
82,966,65,8
83,606,205,54
84,836,141,33
85,710,116,14
86,575,90,40
87,964,153,16
88,697,153,18
89,135,232,36
90,609,179,24
91,333,108,14
92,847,87,32
93,941,69,6
94,747,155,28
95,499,170,21
96,729,238,33
97,138,70,7
98,860,151,18
99,235,154,18
100,186,119,26
101,901,266,29
102,768,253,31
103,982,155,24
104,478,114,14
0,126,101,13
1,791,114,13
2,941,69,6
3,966,67,7
4,798,281,23
5,384,171,23
6,393,153,18
7,873,223,37
8,97,217,37
9,870,74,1
10,478,114,13
11,615,99,14
12,721,70,0
13,138,70,5
14,909,69,0
15,468,69,0
16,729,238,29
17,633,131,20
18,800,96,2
19,411,96,0
20,527,151,14
21,997,134,23
22,964,153,14
23,7,97,6
24,857,96,18
25,780,241,27
26,108,90,9
27,149,183,19
28,747,155,25
29,127,71,0
30,495,244,29
31,313,71,3
32,135,232,33
33,483,97,0
34,31,112,13
35,79,101,14
36,847,87,30
37,186,119,23
38,427,162,29
39,697,153,16
40,828,119,11
41,886,132,9
42,982,155,21
43,258,161,27
44,789,78,5
45,414,67,11
46,600,65,3
47,312,113,14
48,333,108,14
49,444,86,37
50,822,148,31
51,246,258,25
52,388,130,0
53,454,92,14
54,54,92,22
55,575,90,38
56,717,258,24
57,618,112,12
58,174,134,36
59,276,72,0
60,609,179,21
61,768,253,28
62,439,111,12
63,418,154,15
64,936,131,17
65,131,150,27
66,500,68,30
67,398,66,9
68,619,127,6
69,322,85,17
70,310,67,22
71,93,268,24
72,67,206,47
73,154,273,24
74,205,90,9
75,904,116,12
76,102,208,38
77,39,112,13
78,458,82,14
79,499,170,18
80,710,116,12
81,673,164,24
82,235,154,16
83,277,221,43
84,147,179,22
85,561,65,13
86,860,151,16
87,185,151,12
88,241,130,0
89,836,141,30
90,378,131,0
91,2,94,4
92,733,95,12
93,525,109,11
94,901,266,25
95,606,205,50
96,175,112,11
97,265,297,23
98,413,196,57
99,20,74,3
100,261,102,15
101,888,221,44
102,689,90,0
103,285,93,6
104,538,117,26
0,241,130,0
1,285,93,5
2,265,297,21
3,633,131,18
4,886,132,8
5,689,90,0
6,901,266,21
7,127,71,0
8,131,150,25
9,126,101,12
10,888,221,42
11,615,103,12
12,312,113,12
13,941,69,5
14,154,273,22
15,964,153,13
16,333,108,13
17,836,141,27
18,710,116,11
19,97,217,33
20,500,68,27
21,414,67,8
22,413,196,49
23,186,119,19
24,697,153,16
25,997,134,22
26,673,164,22
27,717,267,21
28,747,155,22
29,857,96,16
30,235,154,16
31,174,134,34
32,936,131,15
33,313,71,1
34,561,65,12
35,378,131,0
36,982,155,18
37,67,206,44
38,860,151,16
39,185,151,11
40,909,69,0
41,149,183,17
42,609,179,18
43,575,90,37
44,800,96,0
45,93,268,22
46,468,69,0
47,873,223,34
48,525,109,10
49,20,74,2
50,138,70,4
51,798,281,21
52,606,205,46
53,721,70,0
54,870,74,0
55,619,127,2
56,102,208,31
57,258,161,24
58,384,184,22
59,393,153,16
60,847,87,28
61,411,96,0
62,54,92,19
63,822,148,27
64,904,116,11
65,418,154,14
66,495,244,25
67,729,238,25
68,733,95,10
69,527,151,12
70,444,86,35
71,31,112,12
72,310,67,18
73,768,253,24
74,427,162,26
75,791,114,12
76,147,179,19
77,789,78,4
78,205,90,9
79,7,97,5
80,458,82,13
81,2,94,0
82,108,97,8
83,454,92,10
84,439,111,10
85,483,97,0
86,538,117,24
87,175,112,10
88,398,66,8
89,499,170,15
90,780,241,22
91,322,85,16
92,246,258,21
93,600,65,1
94,276,72,0
95,388,130,0
96,39,112,12
97,478,114,12
98,966,70,6
99,261,102,13
100,135,232,30
101,277,221,40
102,828,119,10
103,618,112,11
104,79,101,12
0,689,90,0
1,836,141,24
2,261,114,12
3,600,65,0
4,936,153,14
5,454,101,8
6,418,154,12
7,798,281,19
8,378,131,0
9,127,71,0
10,888,221,40
11,873,223,32
12,619,127,0
13,495,262,22
14,411,96,0
15,525,109,10
16,277,221,37
17,413,205,43
18,276,72,0
19,870,74,0
20,2,94,0
21,909,69,0
22,615,111,11
23,633,131,16
24,538,117,22
25,982,175,15
26,427,162,23
27,285,93,4
28,147,179,17
29,154,273,20
30,108,97,7
31,322,85,14
32,500,69,24
33,235,154,14
34,606,205,42
35,388,130,0
36,149,183,15
37,135,232,27
38,791,114,12
39,710,116,10
40,102,226,26
41,79,117,12
42,384,184,20
43,126,101,12
44,966,82,6
45,312,113,10
46,398,66,8
47,789,78,3
48,444,86,32
49,54,92,16
50,828,119,10
51,822,154,23
52,20,74,0
53,717,295,19
54,618,112,10
55,904,116,10
56,458,82,12
57,561,65,11
58,39,112,11
59,697,153,14
60,313,71,1
61,780,268,19
62,174,134,32
63,847,87,26
64,175,112,8
65,886,132,7
66,265,297,20
67,478,114,11
68,964,153,12
69,241,130,0
70,673,177,20
71,609,191,16
72,729,256,22
73,468,69,0
74,575,90,36
75,527,151,10
76,857,96,14
77,333,108,12
78,310,67,15
79,901,302,19
80,747,181,21
81,7,97,4
82,138,70,2
83,800,96,0
84,860,151,14
85,185,151,10
86,393,153,16
87,733,103,8
88,131,150,23
89,768,272,21
90,97,236,30
91,499,183,13
92,258,161,22
93,483,97,0
94,31,112,12
95,414,67,5
96,186,133,16
97,941,69,4
98,721,70,0
99,246,295,19
100,67,206,41
101,205,90,8
102,997,134,20
103,93,268,20
104,439,111,9
0,538,117,20
1,154,273,18
2,901,302,17
3,710,116,9
4,483,97,0
5,75,102,8
6,20,74,0
7,495,290,20
8,886,145,6
9,313,71,0
10,888,221,38
11,149,183,13
12,527,151,8
13,312,113,8
14,721,70,0
15,127,71,0
16,939,176,16
17,458,82,11
18,378,131,0
19,413,205,37
20,800,96,0
21,561,65,9
22,737,150,36
23,982,195,14
24,67,206,38
25,941,69,3
26,873,223,30
27,791,114,11
28,633,131,15
29,697,153,14
30,836,141,22
31,600,65,0
32,414,67,2
33,828,119,9
34,131,150,21
35,870,74,0
36,276,72,0
37,618,112,8
38,97,236,28
39,789,78,2
40,468,69,0
41,138,70,0
42,427,162,20
43,606,205,37
44,418,154,10
45,798,281,17
46,411,96,0
47,147,179,15
48,768,300,19
49,444,86,29
50,904,116,9
51,205,90,7
52,964,153,10
53,997,134,17
54,439,111,8
55,54,92,14
56,689,90,0
57,277,221,34
58,261,126,11
59,31,112,11
60,252,227,10
61,120,150,12
62,847,87,24
63,333,108,11
64,258,161,20
65,525,109,9
66,285,93,2
67,857,96,12
68,310,67,12
69,241,130,0
70,780,296,17
71,384,184,19
72,235,154,14
73,93,268,18
74,609,210,15
75,388,130,0
76,499,202,12
77,79,117,11
78,233,154,12
79,175,112,7
80,500,69,22
81,393,153,14
82,135,232,24
83,108,97,6
84,615,111,10
85,747,181,20
86,860,151,14
87,845,268,19
88,185,151,8
89,246,295,17
90,186,133,14
91,174,134,30
92,575,90,35
93,936,153,13
94,478,114,10
95,102,254,23
96,454,112,7
97,909,69,0
98,126,101,11
99,351,96,6
100,733,111,7
101,39,112,10
102,284,153,14
103,398,66,7
104,322,85,13
105,619,127,0
106,966,82,6
107,2,94,0
108,673,196,18
109,164,150,14
110,297,315,18
111,265,297,19
112,7,97,3
113,729,284,20
114,717,295,17
115,822,154,20
0,102,281,21
1,246,295,15
2,901,302,15
3,276,72,0
4,888,221,36
5,120,150,12
6,689,90,0
7,312,113,6
8,258,161,18
9,857,96,10
10,233,154,11
11,75,102,7
12,483,97,0
13,351,96,5
14,458,82,10
15,7,97,2
16,265,297,18
17,138,70,0
18,886,145,6
19,2,94,0
20,791,114,10
21,186,133,11
22,789,78,1
23,310,67,9
24,721,70,0
25,941,69,2
26,297,315,16
27,561,65,9
28,135,232,20
29,619,127,0
30,499,202,10
31,241,130,0
32,525,109,8
33,606,205,32
34,822,174,18
35,147,179,13
36,131,150,19
37,710,116,8
38,93,268,16
39,729,284,18
40,427,162,18
41,67,206,36
42,277,221,31
43,175,112,6
44,717,295,15
45,800,96,0
46,768,300,17
47,527,151,6
48,697,153,12
49,618,112,7
50,936,153,12
51,261,126,10
52,870,74,0
53,909,69,0
54,997,134,14
55,873,223,28
56,418,154,8
57,847,87,22
58,388,130,0
59,454,125,6
60,54,92,12
61,108,97,6
62,538,117,18
63,39,112,10
64,860,151,12
65,285,93,1
66,737,150,34
67,600,65,0
68,20,74,0
69,609,210,13
70,468,69,0
71,384,184,18
72,322,85,12
73,615,111,9
74,97,236,26
75,205,90,6
76,478,114,10
77,780,296,15
78,411,96,0
79,252,227,9
80,500,69,20
81,966,82,5
82,633,131,14
83,398,66,6
84,235,154,12
85,575,90,34
86,79,117,10
87,982,195,13
88,439,111,7
89,845,268,17
90,444,86,26
91,798,281,14
92,828,119,9
93,149,183,10
94,313,71,0
95,185,151,6
96,747,181,18
97,733,124,6
98,164,150,12
99,31,112,10
100,126,101,10
101,904,116,8
102,836,141,19
103,333,108,10
104,413,213,32
105,154,273,16
106,939,176,14
107,127,71,0
108,673,196,17
109,495,290,18
110,414,67,0
111,393,153,14
112,174,134,28
113,378,131,0
114,964,153,8
115,284,153,13
0,276,72,0
1,102,281,19
2,322,85,11
3,789,78,0
4,857,112,10
5,285,93,0
6,458,82,10
7,710,116,6
8,388,130,0
9,791,114,9
10,126,101,9
11,615,111,8
12,246,295,13
13,241,130,0
14,561,65,8
15,527,151,4
16,414,67,0
17,964,153,7
18,261,126,10
19,67,206,34
20,606,205,26
21,131,150,17
22,93,268,14
23,413,213,28
24,909,69,0
25,393,153,12
26,120,150,10
27,673,196,15
28,333,108,10
29,297,315,14
30,798,307,12
31,444,86,22
32,97,236,24
33,870,74,0
34,729,284,16
35,500,69,18
36,886,145,5
37,845,268,15
38,768,300,15
39,538,117,16
40,127,71,0
41,284,153,12
42,982,195,11
43,478,114,9
44,454,125,6
45,828,119,8
46,966,82,5
47,689,90,0
48,313,71,0
49,31,112,9
50,525,109,7
51,164,150,12
52,312,113,4
53,233,154,10
54,186,133,9
55,619,127,0
56,780,296,13
57,600,65,0
58,135,251,17
59,205,90,5
60,418,154,6
61,499,202,9
62,2,94,0
63,265,297,17
64,633,131,12
65,149,183,8
66,351,96,5
67,310,67,6
68,378,131,0
69,468,69,0
70,258,161,16
71,175,112,5
72,721,70,0
73,79,117,9
74,697,153,12
75,495,290,16
76,108,97,5
77,575,90,32
78,800,96,0
79,185,151,4
80,609,210,12
81,860,151,12
82,252,259,8
83,941,69,1
84,847,87,21
85,733,124,6
86,737,150,31
87,939,176,12
88,439,111,6
89,384,184,16
90,39,112,9
91,822,193,16
92,936,153,11
93,997,145,12
94,138,70,0
95,147,179,10
96,75,102,6
97,174,134,26
98,618,112,6
99,411,96,0
100,20,74,0
101,483,97,0
102,747,181,17
103,235,154,12
104,398,66,6
105,717,295,13
106,427,162,14
107,154,273,14
108,277,221,28
109,888,221,34
110,901,302,13
111,54,92,9
112,836,141,15
113,873,223,26
114,904,116,7
115,7,97,1
0,561,65,8
1,600,65,0
2,847,87,20
3,265,297,16
4,20,74,0
5,185,151,2
6,483,97,0
7,233,154,8
8,186,133,7
9,351,96,4
10,261,126,9
11,131,150,15
12,500,69,16
13,939,176,10
14,873,223,24
15,54,92,6
16,798,307,10
17,246,295,11
18,2,94,0
19,313,71,0
20,154,273,12
21,689,90,0
22,312,113,2
23,174,134,24
24,836,141,13
25,205,90,4
26,710,116,5
27,39,112,8
28,936,153,10
29,964,153,6
30,241,130,0
31,126,101,8
32,800,96,0
33,886,165,4
34,618,112,5
35,789,78,0
36,619,127,0
37,418,154,3
38,310,67,2
39,164,150,10
40,633,131,10
41,120,150,10
42,791,114,8
43,909,69,0
44,857,112,9
45,102,281,17
46,427,162,11
47,127,71,0
48,454,125,5
49,135,251,14
50,609,210,10
51,138,70,0
52,904,116,6
53,258,161,14
54,860,151,10
55,252,259,8
56,79,117,8
57,870,74,0
58,717,295,11
59,108,99,4
60,615,111,6
61,495,290,14
62,175,112,4
63,527,151,2
64,768,300,13
65,729,284,14
66,297,315,12
67,75,102,5
68,93,268,13
69,322,85,10
70,780,296,11
71,478,114,8
72,285,93,0
73,147,179,7
74,697,153,10
75,737,150,29
76,277,221,25
77,828,119,7
78,235,154,10
79,982,195,10
80,384,184,15
81,901,302,11
82,333,108,9
83,468,69,0
84,413,213,23
85,378,131,0
86,822,193,15
87,276,72,0
88,888,221,32
89,149,183,6
90,499,202,8
91,97,236,22
92,966,82,4
93,538,117,14
94,673,196,14
95,284,153,11
96,845,268,13
97,398,66,5
98,414,67,0
99,525,109,6
100,997,150,10
101,606,223,22
102,439,111,4
103,733,124,5
104,393,153,12
105,444,86,18
106,31,112,8
107,388,130,0
108,721,70,0
109,747,181,15
110,411,96,0
111,458,82,9
112,575,90,31
113,7,97,0
114,67,206,32
115,941,69,0
0,478,114,7
1,527,151,0
2,2,94,0
3,860,151,10
4,131,170,13
5,310,67,0
6,870,74,0
7,525,109,6
8,791,114,8
9,378,131,0
10,126,101,8
11,246,368,10
12,997,150,9
13,845,268,11
14,618,112,4
15,185,151,0
16,633,153,10
17,499,253,7
18,285,93,0
19,615,111,5
20,39,112,7
21,606,248,19
22,235,154,10
23,284,153,10
24,351,96,4
25,127,71,0
26,135,286,12
27,102,281,15
28,120,150,8
29,322,85,8
30,265,297,15
31,233,154,6
32,297,315,10
33,312,113,0
34,836,154,10
35,873,223,22
36,561,65,7
37,789,78,0
38,886,165,4
39,721,70,0
40,966,82,4
41,964,153,4
42,800,96,0
43,904,116,6
44,149,183,4
45,147,179,4
46,737,150,27
47,333,108,8
48,258,186,13
49,252,259,7
50,609,210,9
51,398,66,5
52,710,116,4
53,108,99,3
54,20,74,0
55,205,90,3
56,909,69,0
57,97,236,20
58,768,300,11
59,388,130,0
60,857,112,8
61,901,366,10
62,888,221,30
63,936,153,9
64,276,72,0
65,828,119,7
66,186,133,5
67,164,150,10
68,54,92,4
69,619,127,0
70,427,181,9
71,154,273,10
72,747,181,14
73,241,130,0
74,439,111,3
75,697,153,10
76,538,117,12
77,717,368,10
78,277,221,22
79,413,231,20
80,393,153,10
81,729,284,12
82,483,97,0
83,67,206,30
84,982,195,8
85,458,82,8
86,93,268,12
87,31,112,8
88,798,362,9
89,174,134,22
90,468,69,0
91,313,71,0
92,941,69,0
93,939,176,8
94,138,70,0
95,454,125,4
96,673,196,13
97,411,96,0
98,418,154,0
99,500,69,14
100,7,97,0
101,822,193,13
102,600,65,0
103,495,290,12
104,689,90,0
105,384,184,13
106,75,118,4
107,414,67,0
108,780,358,10
109,261,126,8
110,79,117,8
111,847,87,18
112,175,112,2
113,575,90,30
114,444,94,15
115,733,124,4
0,600,65,0
1,697,153,8
2,20,74,0
3,721,70,0
4,618,112,4
5,67,206,28
6,75,147,4
7,284,153,9
8,997,150,8
9,966,82,4
10,964,153,2
11,261,126,7
12,845,268,9
13,478,114,6
14,500,69,12
15,798,362,8
16,31,112,7
17,297,360,9
18,982,195,7
19,525,109,5
20,454,154,4
21,135,286,10
22,847,87,17
23,138,70,0
24,388,130,0
25,411,96,0
26,733,152,4
27,131,170,12
28,149,183,2
29,312,113,0
30,870,74,0
31,619,127,0
32,398,66,4
33,378,131,0
34,175,112,1
35,873,223,20
36,538,117,11
37,747,181,13
38,729,284,10
39,499,253,6
40,561,65,7
41,97,236,18
42,265,297,14
43,886,165,4
44,185,151,0
45,277,221,19
46,120,150,8
47,710,116,3
48,615,111,4
49,384,184,12
50,164,150,8
51,836,180,9
52,888,221,28
53,495,290,10
54,904,116,5
55,527,151,0
56,154,336,9
57,351,96,4
58,310,67,0
59,575,90,29
60,689,90,0
61,147,179,1
62,418,154,0
63,901,366,9
64,768,300,9
65,205,90,2
66,285,93,0
67,414,67,0
68,909,69,0
69,606,248,16
70,789,78,0
71,468,69,0
72,276,72,0
73,458,82,7
74,313,71,0
75,233,154,5
76,102,281,13
77,79,117,7
78,936,153,8
79,427,208,8
80,39,112,6
81,174,134,20
82,939,176,6
83,822,193,12
84,333,108,7
85,857,112,7
86,673,196,11
87,737,150,25
88,393,153,10
89,860,151,8
90,483,97,0
91,633,153,8
92,258,186,11
93,54,92,2
94,126,101,7
95,717,368,9
96,246,368,9
97,439,111,2
98,791,114,7
99,780,358,9
100,444,94,12
101,252,259,6
102,800,96,0
103,828,119,6
104,7,97,0
105,413,267,18
106,322,85,7
107,93,268,11
108,941,69,0
109,186,133,4
110,609,210,8
111,241,130,0
112,235,154,8
113,108,99,2
114,2,94,0
115,127,71,0
0,789,78,0
1,964,153,1
2,147,179,0
3,135,286,8
4,609,210,6
5,527,151,0
6,313,71,0
7,241,130,0
8,888,221,26
9,149,183,0
10,322,85,7
11,120,150,6
12,258,186,10
13,252,259,6
14,276,72,0
15,721,70,0
16,414,67,0
17,233,154,4
18,495,290,8
19,285,93,0
20,108,99,1
21,483,97,0
22,277,221,17
23,791,114,6
24,822,193,10
25,468,69,0
26,246,368,8
27,454,154,3
28,615,111,3
29,127,71,0
30,561,65,6
31,966,82,3
32,20,74,0
33,126,101,6
34,538,117,9
35,936,153,7
36,384,184,10
37,525,109,4
38,427,208,6
39,413,267,16
40,836,180,8
41,310,67,0
42,860,151,8
43,499,253,6
44,398,66,4
45,312,113,0
46,31,112,6
47,185,151,0
48,265,297,13
49,235,154,8
50,93,268,10
51,600,65,0
52,284,153,8
53,102,281,11
54,768,375,8
55,458,82,6
56,205,90,1
57,478,114,6
58,186,133,2
59,261,147,6
60,411,96,0
61,717,368,8
62,500,69,10
63,131,170,10
64,175,112,0
65,800,96,0
66,164,150,8
67,575,90,28
68,828,119,6
69,351,96,3
70,710,116,2
71,2,94,0
72,618,112,3
73,67,206,26
74,886,165,3
75,901,366,8
76,606,248,13
77,982,195,6
78,939,176,4
79,154,336,8
80,79,117,6
81,75,147,3
82,418,154,0
83,729,284,8
84,97,236,16
85,798,362,7
86,689,90,0
87,54,92,0
88,39,112,6
89,697,153,8
90,997,150,6
91,737,150,23
92,393,153,8
93,333,108,6
94,633,153,8
95,873,223,18
96,847,87,16
97,388,130,0
98,870,74,0
99,733,152,3
100,747,181,11
101,857,112,6
102,904,116,4
103,174,134,18
104,619,127,0
105,439,111,1
106,138,70,0
107,297,360,8
108,941,69,0
109,780,358,8
110,378,131,0
111,444,94,10
112,7,97,0
113,673,196,10
114,909,69,0
115,845,331,8
0,97,236,14
1,351,96,3
2,499,253,5
3,458,82,6
4,633,153,6
5,780,358,7
6,233,154,2
7,108,99,1
8,901,366,7
9,93,268,9
10,186,133,0
11,135,358,7
12,798,362,6
13,939,176,1
14,733,152,3
15,284,153,7
16,205,90,0
17,454,154,3
18,619,127,0
19,413,267,14
20,297,360,7
21,789,78,0
22,444,106,8
23,791,114,5
24,7,97,0
25,126,101,5
26,414,67,0
27,277,221,15
28,468,69,0
29,310,67,0
30,67,206,24
31,888,221,24
32,384,184,9
33,127,71,0
34,322,85,6
35,276,72,0
36,258,186,8
37,525,109,3
38,333,108,6
39,246,368,7
40,689,90,0
41,860,151,6
42,411,96,0
43,870,74,0
44,427,208,5
45,845,331,7
46,904,116,3
47,697,153,6
48,941,69,0
49,721,70,0
50,120,150,6
51,609,210,5
52,936,153,6
53,75,147,3
54,886,165,3
55,500,69,8
56,439,111,0
57,39,112,5
58,600,65,0
59,495,356,7
60,149,183,0
61,131,170,9
62,418,154,0
63,982,240,5
64,265,297,12
65,393,153,8
66,575,90,26
67,527,151,0
68,538,117,8
69,710,116,1
70,836,180,6
71,174,134,15
72,873,223,16
73,164,150,6
74,398,66,3
75,768,375,7
76,729,348,7
77,138,70,0
78,828,119,5
79,847,87,14
80,561,65,6
81,313,71,0
82,185,151,0
83,102,281,9
84,252,259,5
85,673,196,8
86,606,248,10
87,822,193,9
88,966,82,3
89,154,336,7
90,909,69,0
91,737,150,21
92,285,93,0
93,261,147,5
94,478,114,5
95,964,153,0
96,717,368,7
97,241,130,0
98,378,131,0
99,857,112,6
100,20,74,0
101,800,96,0
102,31,112,5
103,147,179,0
104,2,94,0
105,615,111,2
106,175,112,0
107,235,154,6
108,79,117,5
109,997,150,4
110,388,130,0
111,312,113,0
112,54,92,0
113,747,181,10
114,483,97,0
115,618,112,2
0,791,114,4
1,2,94,0
2,97,236,12
3,939,176,0
4,439,111,0
5,941,69,0
6,936,153,5
7,901,366,6
8,20,74,0
9,606,248,7
10,93,268,8
11,499,253,4
12,108,99,0
13,252,259,4
14,67,206,22
15,822,193,8
16,393,153,6
17,414,67,0
18,388,130,0
19,398,66,3
20,800,96,0
21,186,133,0
22,538,117,6
23,733,152,2
24,500,69,6
25,689,90,0
26,297,360,6
27,478,114,4
28,600,65,0
29,619,127,0
30,561,65,5
31,870,74,0
32,527,151,0
33,39,112,4
34,458,82,5
35,378,131,0
36,483,97,0
37,75,147,2
38,615,111,0
39,31,112,4
40,768,375,6
41,468,69,0
42,235,154,6
43,964,153,0
44,847,87,13
45,174,134,13
46,525,109,2
47,384,184,8
48,185,151,0
49,845,331,6
50,276,72,0
51,789,78,0
52,164,150,6
53,729,348,6
54,427,259,4
55,149,183,0
56,333,108,5
57,175,112,0
58,313,71,0
59,909,69,0
60,982,240,4
61,575,90,25
62,154,336,6
63,618,112,1
64,444,106,6
65,888,221,22
66,310,67,0
67,120,150,4
68,904,116,2
69,54,92,0
70,780,358,6
71,147,179,0
72,997,150,3
73,798,362,5
74,411,96,0
75,633,153,6
76,126,101,4
77,873,223,14
78,717,368,6
79,261,147,4
80,495,356,6
81,246,368,6
82,857,112,5
83,351,96,2
84,721,70,0
85,241,130,0
86,860,151,6
87,747,181,8
88,413,267,12
89,886,165,2
90,127,71,0
91,966,82,2
92,135,358,6
93,322,85,5
94,285,93,0
95,277,221,13
96,79,117,4
97,7,97,0
98,737,150,19
99,697,153,6
100,233,154,0
101,102,281,7
102,205,90,0
103,828,119,4
104,312,113,0
105,284,153,6
106,138,70,0
0,312,113,0
1,138,70,0
2,458,82,4
3,737,150,17
4,102,281,5
5,393,153,6
6,845,331,5
7,388,130,0
8,276,72,0
9,939,176,0
10,79,117,4
11,798,362,4
12,241,130,0
13,186,133,0
14,870,74,0
15,500,69,4
16,378,131,0
17,384,184,6
18,2,94,0
19,800,96,0
20,886,165,2
21,468,69,0
22,97,236,10
23,39,112,3
24,873,223,12
25,936,153,4
26,964,153,0
27,233,154,0
28,901,366,5
29,414,67,0
30,310,67,0
31,205,90,0
32,847,87,11
33,427,259,4
34,860,151,4
35,147,179,0
36,285,93,0
37,127,71,0
38,538,117,4
39,108,99,0
40,483,97,0
41,525,137,2
42,398,66,2
43,982,240,4
44,444,125,4
45,54,92,0
46,606,248,4
47,909,69,0
48,164,150,4
49,174,134,11
50,31,112,4
51,495,356,5
52,575,90,24
53,413,267,10
54,717,368,5
55,527,151,0
56,333,108,4
57,126,101,4
58,822,193,6
59,600,65,0
60,93,268,7
61,261,147,4
62,721,70,0
63,729,348,5
64,789,78,0
65,966,82,2
66,615,111,0
67,235,154,4
68,313,71,0
69,780,358,5
70,284,153,5
71,904,116,2
72,297,360,5
73,154,336,5
74,149,183,0
75,618,112,0
76,439,111,0
77,7,97,0
78,322,85,5
79,561,65,5
80,185,151,0
81,75,147,2
82,619,127,0
83,997,150,2
84,67,206,20
85,20,74,0
86,277,221,11
87,697,153,4
88,791,114,4
89,252,259,4
90,747,181,7
91,351,96,2
92,246,368,5
93,828,119,4
94,120,150,4
95,175,112,0
96,768,375,5
97,478,114,3
98,411,96,0
99,733,152,2
100,857,112,4
101,941,69,0
102,888,221,20
103,689,90,0
104,633,153,4
105,135,358,5
106,499,253,4
0,483,97,0
1,500,69,2
2,845,331,4
3,901,366,4
4,322,85,4
5,538,127,3
6,939,176,0
7,31,112,3
8,697,153,4
9,478,114,2
10,276,72,0
11,888,221,18
12,964,153,0
13,458,82,3
14,747,181,6
15,164,150,4
16,127,71,0
17,936,153,3
18,7,97,0
19,527,151,0
20,789,78,0
21,120,150,2
22,54,92,0
23,149,183,0
24,427,259,3
25,525,137,2
26,561,65,5
27,729,348,4
28,175,112,0
29,733,152,2
30,966,82,2
31,499,253,3
32,205,90,0
33,828,119,3
34,737,150,15
35,606,248,1
36,154,336,4
37,233,154,0
38,997,150,0
39,857,112,3
40,126,101,3
41,791,114,3
42,67,206,18
43,886,165,2
44,97,236,8
45,313,71,0
46,619,127,0
47,780,358,4
48,618,112,0
49,411,96,0
50,822,193,5
51,102,344,4
52,904,116,1
53,941,69,0
54,174,134,9
55,285,93,0
56,388,130,0
57,312,113,0
58,439,111,0
59,246,368,4
60,147,179,0
61,600,65,0
62,870,74,0
63,108,99,0
64,615,111,0
65,2,94,0
66,717,368,4
67,444,125,3
68,185,151,0
69,75,147,2
70,633,153,4
71,689,90,0
72,384,184,5
73,768,375,4
74,310,67,0
75,800,96,0
76,284,153,4
77,847,87,10
78,351,96,2
79,297,360,4
80,468,69,0
81,277,221,9
82,135,358,4
83,860,151,4
84,909,69,0
85,873,223,10
86,398,66,2
87,186,133,0
88,138,70,0
89,261,147,3
90,393,153,4
91,252,259,3
92,20,74,0
93,575,90,23
94,241,130,0
95,39,112,2
96,235,154,4
97,982,240,3
98,333,108,3
99,798,362,3
100,721,70,0
101,79,117,3
102,414,67,0
103,93,268,6
104,378,131,0
105,495,356,4
106,413,267,8
0,54,92,0
1,618,112,0
2,67,206,16
3,737,150,13
4,941,69,0
5,297,360,3
6,149,183,0
7,252,259,2
8,982,240,2
9,164,150,2
10,313,71,0
11,147,179,0
12,964,153,0
13,828,119,3
14,483,97,0
15,310,67,0
16,97,236,6
17,886,165,1
18,606,248,0
19,822,193,4
20,427,259,2
21,241,130,0
22,575,90,22
23,527,151,0
24,600,65,0
25,561,65,4
26,333,108,2
27,729,348,3
28,398,66,2
29,127,71,0
30,261,147,2
31,733,152,1
32,414,67,0
33,93,268,5
34,108,99,0
35,499,253,2
36,79,117,2
37,904,116,0
38,233,154,0
39,411,96,0
40,721,70,0
41,284,153,3
42,966,82,1
43,322,85,4
44,619,127,0
45,186,133,0
46,393,153,4
47,901,366,3
48,102,344,3
49,747,181,4
50,413,267,6
51,870,74,0
52,798,362,2
53,31,112,2
54,860,151,2
55,235,154,2
56,276,72,0
57,138,70,0
58,384,184,4
59,458,82,2
60,154,336,3
61,277,221,7
62,939,176,0
63,312,113,0
64,351,96,1
65,135,358,3
66,444,145,2
67,633,153,2
68,689,90,0
69,538,127,2
70,888,221,16
71,205,90,0
72,20,74,0
73,7,97,0
74,780,358,3
75,768,375,3
76,909,69,0
77,439,111,0
78,936,153,2
79,175,112,0
80,185,151,0
81,697,153,2
82,246,368,3
83,615,111,0
84,800,96,0
85,126,101,2
86,845,331,3
87,495,356,3
88,468,69,0
89,285,93,0
90,857,112,2
91,500,69,0
92,478,114,2
93,847,87,8
94,174,134,8
95,997,150,0
96,39,112,2
97,2,94,0
98,120,150,2
99,873,223,8
100,791,114,2
101,789,78,0
102,388,130,0
103,525,137,1
104,717,368,3
105,378,131,0
106,75,147,1
0,164,150,2
1,388,130,0
2,936,153,1
3,175,112,0
4,414,67,0
5,717,368,2
6,154,336,2
7,789,78,0
8,135,358,2
9,619,127,0
10,97,236,4
11,873,223,6
12,499,253,1
13,941,69,0
14,468,69,0
15,527,151,0
16,147,179,0
17,322,85,3
18,847,87,6
19,7,97,0
20,276,72,0
21,845,331,2
22,54,92,0
23,31,112,1
24,351,96,1
25,615,111,0
26,575,90,20
27,828,119,2
28,857,112,2
29,186,133,0
30,870,74,0
31,733,152,1
32,444,145,2
33,768,375,2
34,241,130,0
35,721,70,0
36,860,151,2
37,378,131,0
38,185,151,0
39,174,134,6
40,964,153,0
41,689,90,0
42,633,153,2
43,310,67,0
44,2,94,0
45,982,240,1
46,149,183,0
47,939,176,0
48,235,154,2
49,737,150,10
50,205,90,0
51,561,65,4
52,108,99,0
53,93,268,4
54,285,93,0
55,39,112,1
56,798,362,1
57,697,153,2
58,800,96,0
59,246,368,2
60,384,184,2
61,284,153,2
62,500,69,0
63,439,111,0
64,458,82,2
65,729,348,2
66,966,82,1
67,997,150,0
68,67,206,14
69,297,360,2
70,120,156,1
71,252,259,1
72,780,358,2
73,427,259,1
74,127,71,0
75,791,114,1
76,886,165,1
77,411,96,0
78,75,147,1
79,538,127,0
80,398,66,1
81,909,69,0
82,525,137,1
83,901,366,2
84,888,221,14
85,333,108,2
86,313,71,0
87,261,147,1
88,822,193,2
89,618,112,0
90,483,97,0
91,478,114,1
92,138,70,0
93,606,248,0
94,126,101,1
95,102,344,2
96,277,221,5
97,233,154,0
98,600,65,0
99,393,153,2
100,747,181,3
101,413,267,4
102,20,74,0
103,79,117,1
104,904,116,0
105,312,113,0
106,495,356,2
0,966,82,0
1,413,267,2
2,310,67,0
3,791,114,0
4,7,97,0
5,384,184,1
6,939,176,0
7,108,99,0
8,499,253,1
9,31,112,0
10,828,119,1
11,468,69,0
12,388,130,0
13,414,67,0
14,495,356,1
15,102,344,1
16,964,153,0
17,439,111,0
18,721,70,0
19,393,153,2
20,135,358,1
21,619,127,0
22,120,156,0
23,127,71,0
24,126,101,0
25,941,69,0
26,717,368,1
27,149,183,0
28,575,90,19
29,277,221,3
30,39,112,0
31,689,90,0
32,982,240,1
33,768,375,1
34,737,150,8
35,845,331,1
36,297,360,1
37,860,151,0
38,351,96,0
39,233,154,0
40,313,71,0
41,252,259,1
42,800,96,0
43,729,348,1
44,780,358,1
45,185,151,0
46,600,65,0
47,154,336,1
48,147,179,0
49,747,181,1
50,789,78,0
51,54,92,0
52,235,154,0
53,246,368,1
54,411,96,0
55,312,113,0
56,322,85,2
57,478,114,0
58,901,366,1
59,936,153,0
60,93,268,3
61,20,74,0
62,870,74,0
63,458,82,1
64,904,116,0
65,164,150,0
66,615,111,0
67,378,131,0
68,241,130,0
69,527,151,0
70,175,112,0
71,2,94,0
72,444,145,1
73,67,206,12
74,538,127,0
75,733,152,0
76,285,93,0
77,618,112,0
78,606,248,0
79,525,137,0
80,333,108,1
81,633,153,0
82,427,259,1
83,174,134,5
84,847,87,4
85,205,90,0
86,697,153,0
87,75,147,0
88,561,65,3
89,822,193,1
90,276,72,0
91,997,150,0
92,798,362,0
93,261,147,0
94,398,66,1
95,483,97,0
96,857,112,1
97,873,223,4
98,888,221,12
99,284,153,1
100,97,236,2
101,909,69,0
102,186,133,0
103,886,165,0
104,138,70,0
105,500,69,0
106,79,117,0
0,393,153,0
1,127,71,0
2,870,74,0
3,888,221,10
4,697,153,0
5,147,179,0
6,886,165,0
7,936,153,0
8,67,206,10
9,717,368,0
10,939,176,0
11,149,183,0
12,780,358,0
13,828,119,1
14,54,92,0
15,729,348,0
16,378,131,0
17,322,85,2
18,186,133,0
19,733,152,0
20,310,67,0
21,845,331,0
22,351,96,0
23,964,153,0
24,388,130,0
25,413,267,0
26,575,90,18
27,800,96,0
28,500,69,0
29,185,151,0
30,246,368,0
31,857,112,0
32,39,112,0
33,468,69,0
34,414,67,0
35,768,375,0
36,285,93,0
37,538,127,0
38,252,259,0
39,97,236,0
40,618,112,0
41,847,87,2
42,860,151,0
43,909,69,0
44,982,240,0
45,154,336,0
46,7,97,0
47,297,360,0
48,873,223,2
49,615,111,0
50,75,147,0
51,525,137,0
52,108,99,0
53,527,151,0
54,798,362,0
55,439,111,0
56,458,82,0
57,561,65,3
58,312,113,0
59,789,78,0
60,966,82,0
61,478,114,0
62,175,112,0
63,2,94,0
64,205,90,0
65,20,74,0
66,93,268,2
67,135,358,0
68,499,253,0
69,791,142,0
70,164,150,0
71,241,130,0
72,31,112,0
73,126,109,0
74,138,70,0
75,333,108,0
76,427,259,0
77,261,163,0
78,411,96,0
79,483,97,0
80,901,366,0
81,689,90,0
82,102,344,0
83,822,238,0
84,277,221,1
85,276,72,0
86,619,127,0
87,313,71,0
88,633,153,0
89,600,65,0
90,384,184,0
91,120,156,0
92,284,153,0
93,495,356,0
94,721,70,0
95,941,69,0
96,606,248,0
97,904,116,0
98,997,150,0
99,174,134,4
100,79,117,0
101,235,154,0
102,747,181,0
103,737,150,6
104,398,66,0
105,444,145,0
106,233,154,0
